IdEntradaEmEmpresa;Data do recebimento;Peso de tainha recebido (kg);Tipo de produtor
0;26/07/2019;12680;Cerco/Traineira
1;26/07/2019;10980;Cerco/Traineira
2;26/07/2019;10420;Cerco/Traineira
3;27/07/2019;8120;Cerco/Traineira
4;16/07/2019;20840;Cerco/Traineira
5;17/07/2019;10220;Cerco/Traineira
6;31/07/2019;10640;Cerco/Traineira
7;11/07/2019;38000;Cerco/Traineira
8;11/07/2019;5920;Cerco/Traineira
9;11/07/2019;240;Cerco/Traineira
10;19/07/2019;18000;Cerco/Traineira
11;27/07/2019;8960;Cerco/Traineira
12;02/08/2019;6000;Cerco/Traineira
13;10/07/2019;49140;Cerco/Traineira
14;27/07/2019;10000;Cerco/Traineira
15;27/07/2019;10000;Cerco/Traineira
16;27/07/2019;5500;Cerco/Traineira
17;12/07/2019;5700;Cerco/Traineira
18;12/07/2019;9000;Cerco/Traineira
19;12/07/2019;10000;Cerco/Traineira
20;13/07/2019;3500;Cerco/Traineira
21;13/07/2019;6000;Cerco/Traineira
22;13/07/2019;9000;Cerco/Traineira
23;15/07/2019;3300;Cerco/Traineira
24;10/07/2019;47600;Cerco/Traineira
25;28/07/2019;11240;Cerco/Traineira
26;20/07/2019;2900;Cerco/Traineira
27;20/07/2019;14000;Cerco/Traineira
28;21/07/2019;11800;Cerco/Traineira
29;17/07/2019;11580;Cerco/Traineira
30;22/07/2019;17080;Cerco/Traineira
31;30/07/2019;12600;Cerco/Traineira
32;30/07/2019;2620;Cerco/Traineira
33;30/07/2019;17460;Cerco/Traineira
34;12/07/2019;10000;Cerco/Traineira
35;15/07/2019;11100;Cerco/Traineira
36;17/07/2019;1840;Cerco/Traineira
37;26/07/2019;8060;Cerco/Traineira
38;15/07/2019;14000;Cerco/Traineira
39;15/07/2019;10000;Cerco/Traineira
40;15/07/2019;7020;Cerco/Traineira
41;22/07/2019;19500;Cerco/Traineira
42;12/07/2019;50380;Cerco/Traineira
43;27/07/2019;3040;Cerco/Traineira
44;27/07/2019;12000;Cerco/Traineira
45;16/07/2019;7520;Cerco/Traineira
46;16/07/2019;11000;Cerco/Traineira
47;26/07/2019;7700;Cerco/Traineira
48;18/07/2019;8000;Cerco/Traineira
49;10/07/2019;45320;Cerco/Traineira
50;10/07/2019;13000;Cerco/Traineira
51;10/07/2019;28600;Cerco/Traineira
52;10/07/2019;11580;Cerco/Traineira
53;18/07/2019;12000;Cerco/Traineira
54;19/07/2019;12000;Cerco/Traineira
55;19/07/2019;8000;Cerco/Traineira
56;20/07/2019;8500;Cerco/Traineira
57;29/07/2019;14500;Cerco/Traineira
58;29/07/2019;10020;Cerco/Traineira
59;30/07/2019;5000;Cerco/Traineira
60;16/07/2019;12000;Cerco/Traineira
61;23/07/2019;6320;Cerco/Traineira
62;29/07/2019;14220;Cerco/Traineira
63;29/07/2019;7105;Cerco/Traineira
64;15/07/2019;15000;Cerco/Traineira
65;01/08/2019;28840;Cerco/Traineira
66;25/07/2019;10080;Cerco/Traineira
67;01/08/2019;3440;Cerco/Traineira
68;29/07/2019;13180;Cerco/Traineira
69;12/07/2019;12000;Cerco/Traineira
70;12/07/2019;14520;Cerco/Traineira
71;12/07/2019;3320;Cerco/Traineira
72;12/07/2019;15520;Cerco/Traineira
73;13/07/2019;2920;Cerco/Traineira
74;11/07/2019;50480;Cerco/Traineira
75;31/07/2019;20000;Cerco/Traineira
76;31/07/2019;19600;Cerco/Traineira
77;23/06/2019;2140;Emalhe Anilhado
78;17/07/2019;3920;Emalhe Anilhado
79;18/07/2019;4980;Emalhe Anilhado
80;25/07/2019;7180;Emalhe Anilhado
81;13/06/2019;7200;Emalhe Anilhado
82;15/07/2019;4000;Emalhe Anilhado
83;16/06/2019;2400;Emalhe Anilhado
84;25/06/2019;5200;Emalhe Anilhado
85;18/06/2019;3800;Emalhe Anilhado
86;26/06/2019;12500;Emalhe Anilhado
87;17/06/2019;600;Emalhe Anilhado
88;25/06/2019;2940;Emalhe Anilhado
89;26/06/2019;5640;Emalhe Anilhado
90;09/07/2019;3000;Emalhe Anilhado
91;23/06/2019;6000;Emalhe Anilhado
92;27/05/2019;800;Emalhe Anilhado
93;23/06/2019;1580;Emalhe Anilhado
94;11/07/2019;3220;Emalhe Anilhado
95;17/06/2019;14440;Emalhe Anilhado
96;19/06/2019;16520;Emalhe Anilhado
97;09/07/2019;2840;Emalhe Anilhado
98;23/06/2019;9600;Emalhe Anilhado
99;08/07/2019;5600;Emalhe Anilhado
100;04/07/2019;3160;Emalhe Anilhado
101;12/06/2019;6000;Emalhe Anilhado
102;17/06/2019;4580;Emalhe Anilhado
103;24/06/2019;12100;Emalhe Anilhado
104;25/06/2019;2100;Emalhe Anilhado
105;05/07/2019;3780;Emalhe Anilhado
106;11/07/2019;2000;Emalhe Anilhado
107;25/06/2019;5000;Emalhe Anilhado
108;26/06/2019;4460;Emalhe Anilhado
109;26/06/2019;5320;Emalhe Anilhado
110;01/07/2019;5000;Emalhe Anilhado
111;01/07/2019;4100;Emalhe Anilhado
112;17/06/2019;8000;Emalhe Anilhado
113;23/06/2019;10000;Emalhe Anilhado
114;17/06/2019;5340;Emalhe Anilhado
115;24/06/2019;15600;Emalhe Anilhado
116;21/07/2019;12000;Emalhe Anilhado
117;22/07/2019;11900;Emalhe Anilhado
118;24/07/2019;10000;Emalhe Anilhado
119;08/07/2019;4800;Emalhe Anilhado
120;25/06/2019;4700;Emalhe Anilhado
121;16/07/2019;5000;Emalhe Anilhado
122;14/07/2019;11120;Emalhe Anilhado
123;17/07/2019;20140;Emalhe Anilhado
124;28/07/2019;12640;Emalhe Anilhado
125;05/07/2019;6120;Emalhe Anilhado
126;15/07/2019;2960;Emalhe Anilhado
127;23/06/2019;3240;Emalhe Anilhado
128;03/07/2019;1260;Emalhe Anilhado
129;16/06/2019;22120;Emalhe Anilhado
130;17/06/2019;6000;Emalhe Anilhado
131;25/06/2019;5000;Emalhe Anilhado
132;09/07/2019;1200;Outras Modalidades
133;10/07/2019;3800;Outras Modalidades
134;18/07/2019;1640;Outras Modalidades
135;10/07/2019;7360;Outras Modalidades
136;12/07/2019;1380;Outras Modalidades
137;30/07/2019;1100;Outras Modalidades
138;15/07/2019;5500;Outras Modalidades
139;15/06/2019;6000;Outras Modalidades
140;16/06/2019;14220;Outras Modalidades
141;18/06/2019;5600;Outras Modalidades
142;19/06/2019;5420;Outras Modalidades
143;16/07/2019;9340;Outras Modalidades
144;25/06/2019;6780;Outras Modalidades
145;23/07/2019;4953;Outras Modalidades
146;24/07/2019;14300;Outras Modalidades
147;26/07/2019;20000;Outras Modalidades
148;25/07/2019;16000;Outras Modalidades
149;25/07/2019;13000;Outras Modalidades
150;26/07/2019;9100;Outras Modalidades
151;26/07/2019;8680;Outras Modalidades
152;26/07/2019;11240;Outras Modalidades
153;23/07/2019;20000;Outras Modalidades
154;02/07/2019;2800;Outras Modalidades
155;09/07/2019;2800;Outras Modalidades
156;18/06/2019;6500;Outras Modalidades
157;16/07/2019;3200;Outras Modalidades
158;18/06/2019;6500;Outras Modalidades
159;01/07/2019;4200;Outras Modalidades
160;28/06/2019;3800;Outras Modalidades
161;21/07/2019;6000;Outras Modalidades
162;24/06/2019;4840;Outras Modalidades
163;25/06/2019;4840;Outras Modalidades
164;15/07/2019;12100;Outras Modalidades
165;20/07/2019;8520;Outras Modalidades
166;22/07/2019;11800;Outras Modalidades
167;23/07/2019;4240;Outras Modalidades
168;17/07/2019;500;Outras Modalidades
169;01/07/2019;10000;Outras Modalidades
170;10/07/2019;10000;Outras Modalidades
171;11/07/2019;10000;Outras Modalidades
172;12/07/2019;11000;Outras Modalidades
173;13/07/2019;10000;Outras Modalidades
174;14/07/2019;10000;Outras Modalidades
175;16/07/2019;11000;Outras Modalidades
176;16/07/2019;7040;Outras Modalidades
177;17/07/2019;12000;Outras Modalidades
178;18/06/2019;8000;Outras Modalidades
179;19/06/2019;8000;Outras Modalidades
180;19/06/2019;11000;Outras Modalidades
181;19/07/2019;9260;Outras Modalidades
182;22/07/2019;12000;Outras Modalidades
183;22/07/2019;7000;Outras Modalidades
184;29/07/2019;9060;Outras Modalidades
185;30/06/2019;10000;Outras Modalidades
186;17/07/2019;11120;Outras Modalidades
187;22/07/2019;15120;Outras Modalidades
188;18/07/2019;11040;Outras Modalidades
189;25/06/2019;13200;Outras Modalidades
190;25/06/2019;12000;Outras Modalidades
191;26/06/2019;12100;Outras Modalidades
192;07/06/2019;975;Outras Modalidades
193;10/06/2019;1020;Outras Modalidades
194;10/06/2019;303;Outras Modalidades
195;01/07/2019;2000;Outras Modalidades
196;08/07/2019;2778;Outras Modalidades
197;15/07/2019;1700;Outras Modalidades
198;13/07/2019;3100;Outras Modalidades
199;30/07/2019;3380;Outras Modalidades
200;13/07/2019;4700;Outras Modalidades
201;05/07/2019;12400;Outras Modalidades
202;15/07/2019;10600;Outras Modalidades
203;30/07/2019;3600;Outras Modalidades
204;16/07/2019;3619;Outras Modalidades
205;25/07/2019;3000;Outras Modalidades
206;08/07/2019;8540;Outras Modalidades
207;27/06/2019;6000;Outras Modalidades
208;10/07/2019;3000;Outras Modalidades
209;16/07/2019;1360;Outras Modalidades
210;16/07/2019;7000;Outras Modalidades
211;06/07/2019;1000;Outras Modalidades
212;10/07/2019;480;Outras Modalidades
213;19/07/2019;538;Outras Modalidades
214;15/07/2019;10000;Outras Modalidades
215;11/07/2019;3860;Outras Modalidades
216;25/07/2019;12000;Outras Modalidades
217;17/07/2019;14400;Outras Modalidades
218;19/07/2019;16720;Outras Modalidades
219;01/07/2019;14180;Outras Modalidades
220;01/07/2019;15420;Outras Modalidades
221;12/07/2019;16720;Outras Modalidades
222;12/07/2019;14040;Outras Modalidades
223;16/07/2019;12000;Outras Modalidades
224;25/06/2019;14240;Outras Modalidades
225;26/06/2019;15420;Outras Modalidades
226;04/07/2019;3120;Outras Modalidades
227;11/07/2019;11000;Outras Modalidades
228;15/07/2019;12000;Outras Modalidades
229;15/07/2019;10000;Outras Modalidades
230;26/06/2019;12000;Outras Modalidades
231;26/06/2019;10000;Outras Modalidades
232;17/06/2019;11000;Outras Modalidades
233;10/07/2019;1500;Outras Modalidades
234;12/07/2019;4160;Outras Modalidades
235;18/07/2019;12000;Outras Modalidades
236;18/07/2019;20000;Outras Modalidades
237;19/07/2019;10000;Outras Modalidades
238;19/07/2019;14040;Outras Modalidades
239;22/07/2019;14500;Outras Modalidades
240;01/07/2019;14360;Outras Modalidades
241;12/07/2019;9700;Outras Modalidades
242;16/07/2019;14520;Outras Modalidades
243;18/06/2019;13200;Outras Modalidades
244;25/06/2019;15300;Outras Modalidades
245;25/06/2019;4160;Outras Modalidades
246;26/06/2019;7460;Outras Modalidades
247;08/07/2019;14346;Outras Modalidades
248;09/07/2019;5600;Outras Modalidades
249;10/07/2019;2840;Outras Modalidades
0;08/06/2020;2060;Cerco/Traineira
1;08/06/2020;1460;Cerco/Traineira
2;08/06/2020;600;Cerco/Traineira
3;03/06/2020;8000;Cerco/Traineira
4;04/06/2020;10000;Cerco/Traineira
5;05/06/2020;8260;Cerco/Traineira
6;06/06/2020;1020;Cerco/Traineira
7;05/06/2020;18000;Cerco/Traineira
8;06/06/2020;1820;Cerco/Traineira
9;01/06/2020;3000;Emalhe Anilhado
10;02/06/2020;2680;Emalhe Anilhado
11;03/06/2020;9840;Emalhe Anilhado
12;29/05/2020;3700;Emalhe Anilhado
13;08/06/2020;3800;Emalhe Anilhado
14;03/06/2020;2000;Emalhe Anilhado
15;03/06/2020;4000;Emalhe Anilhado
16;03/06/2020;6800;Emalhe Anilhado
17;06/06/2020;15000;Emalhe Anilhado
18;08/06/2020;2400;Emalhe Anilhado
19;08/06/2020;5500;Emalhe Anilhado
20;02/06/2020;8000;Emalhe Anilhado
21;01/06/2020;4340;Emalhe Anilhado
22;05/06/2020;6600;Emalhe Anilhado
23;01/06/2020;2080;Emalhe Anilhado
24;03/06/2020;10000;Emalhe Anilhado
25;01/06/2020;4500;Emalhe Anilhado
26;06/06/2020;2300;Emalhe Anilhado
27;02/06/2020;1280;Emalhe Anilhado
28;02/06/2020;4500;Emalhe Anilhado
29;06/06/2020;13300;Emalhe Anilhado
30;06/06/2020;1780;Emalhe Anilhado
31;01/06/2020;5660;Emalhe Anilhado
32;05/06/2020;1200;Emalhe Anilhado
33;05/06/2020;800;Emalhe Anilhado
34;02/06/2020;4000;Emalhe Anilhado
35;03/06/2020;15600;Emalhe Anilhado
36;29/05/2020;7300;Emalhe Anilhado
37;03/06/2020;5400;Emalhe Anilhado
38;29/05/2020;1380;Emalhe Anilhado
39;29/05/2020;3240;Emalhe Anilhado
40;29/05/2020;4500;Emalhe Anilhado
41;02/06/2020;2700;Emalhe Anilhado
42;02/06/2020;3520;Emalhe Anilhado
43;04/06/2020;3520;Emalhe Anilhado
44;02/06/2020;2600;Emalhe Anilhado
45;03/06/2020;4560;Emalhe Anilhado
46;30/05/2020;500;Emalhe Anilhado
47;06/06/2020;12220;Emalhe Anilhado
48;01/06/2020;1680;Emalhe Anilhado
49;02/06/2020;5440;Emalhe Anilhado
50;03/06/2020;6000;Emalhe Anilhado
51;30/05/2020;2180;Emalhe Anilhado
52;16/06/2020;3400;Emalhe Anilhado
53;29/05/2020;200;Produtor Não Direto
54;01/06/2020;15400;Produtor Não Direto
55;01/06/2020;12200;Produtor Não Direto
56;02/06/2020;12100;Produtor Não Direto
57;04/06/2020;9460;Produtor Não Direto
58;04/06/2020;15600;Produtor Não Direto
59;08/06/2020;15500;Produtor Não Direto
60;10/06/2020;6480;Produtor Não Direto
61;30/05/2020;12020;Produtor Não Direto
62;08/06/2020;4100;Outras Modalidades
63;09/06/2020;2920;Outras Modalidades
64;31/07/2020;1500;Outras Modalidades
65;26/06/2020;4120;Outras Modalidades
66;04/06/2020;6040;Outras Modalidades
67;08/06/2020;5540;Outras Modalidades
68;10/06/2020;5000;Outras Modalidades
69;22/06/2020;3040;Outras Modalidades
70;04/06/2020;10160;Outras Modalidades
71;11/06/2020;10000;Outras Modalidades
72;06/06/2020;10000;Outras Modalidades
73;09/06/2020;500;Outras Modalidades
74;16/07/2020;6000;Outras Modalidades
75;04/06/2020;2944;Outras Modalidades
76;21/07/2020;3000;Outras Modalidades
77;06/06/2020;11700;Outras Modalidades
78;09/06/2020;4140;Outras Modalidades
79;12/06/2020;6520;Outras Modalidades
80;15/06/2020;1740;Outras Modalidades
81;30/07/2020;12320;Outras Modalidades
82;30/07/2020;4480;Outras Modalidades
83;17/06/2020;1940;Outras Modalidades
84;28/07/2020;1600;Outras Modalidades
85;29/07/2020;2000;Outras Modalidades
86;08/06/2020;4500;Outras Modalidades
87;01/06/2020;5340;Outras Modalidades
88;03/06/2020;10000;Outras Modalidades
89;06/06/2020;6000;Outras Modalidades
90;11/06/2020;2000;Outras Modalidades
91;01/06/2020;1600;Outras Modalidades
92;29/05/2020;200;Outras Modalidades
93;10/07/2020;2740;Outras Modalidades
94;05/06/2020;2850;Outras Modalidades
95;21/07/2020;3500;Outras Modalidades
96;05/06/2020;10000;Outras Modalidades
97;06/06/2020;16000;Outras Modalidades
98;03/06/2020;14400;Outras Modalidades
99;21/07/2020;3500;Outras Modalidades
100;29/05/2020;700;Outras Modalidades
101;07/07/2020;2980;Outras Modalidades
102;16/07/2020;6670;Outras Modalidades
103;17/07/2020;11500;Outras Modalidades
104;28/07/2020;7160;Outras Modalidades
105;02/06/2020;9760;Outras Modalidades
106;04/06/2020;5520;Outras Modalidades
107;25/06/2020;2160;Outras Modalidades
108;08/06/2020;4360;Outras Modalidades
109;09/06/2020;1865;Outras Modalidades
110;12/06/2020;2885;Outras Modalidades
111;17/06/2020;1760;Outras Modalidades
112;22/06/2020;2240;Outras Modalidades
0;05/07/2021;2000;Cerco/Traineira
1;25/06/2021;11800;Cerco/Traineira
2;28/06/2021;5000;Cerco/Traineira
3;04/06/2021;7320;Cerco/Traineira
4;04/06/2021;8360;Cerco/Traineira
5;05/07/2021;7740;Cerco/Traineira
6;12/06/2021;9500;Cerco/Traineira
7;12/06/2021;9000;Cerco/Traineira
8;04/06/2021;4515;Cerco/Traineira
9;14/06/2021;13120;Cerco/Traineira
10;06/07/2021;200;Cerco/Traineira
11;19/06/2021;10250;Cerco/Traineira
12;24/06/2021;15800;Cerco/Traineira
13;29/06/2021;1900;Cerco/Traineira
14;16/06/2021;5280;Cerco/Traineira
15;06/06/2021;4680;Cerco/Traineira
16;06/06/2021;7720;Cerco/Traineira
17;09/06/2021;7620;Cerco/Traineira
18;05/06/2021;5380;Cerco/Traineira
19;15/06/2021;12980;Cerco/Traineira
20;19/07/2021;16000;Cerco/Traineira
21;20/07/2021;11000;Cerco/Traineira
22;24/06/2021;500;Cerco/Traineira
23;04/06/2021;12020;Cerco/Traineira
24;04/06/2021;14020;Cerco/Traineira
25;04/06/2021;10300;Cerco/Traineira
26;15/06/2021;12100;Cerco/Traineira
27;05/06/2021;13850;Cerco/Traineira
28;16/06/2021;9640;Cerco/Traineira
29;24/06/2021;13860;Cerco/Traineira
30;25/06/2021;8420;Cerco/Traineira
31;07/06/2021;4000;Emalhe Anilhado
32;15/06/2021;2260;Emalhe Anilhado
33;02/06/2021;6040;Emalhe Anilhado
34;17/06/2021;16000;Emalhe Anilhado
35;01/06/2021;1580;Emalhe Anilhado
36;04/06/2021;1400;Emalhe Anilhado
37;14/06/2021;1900;Emalhe Anilhado
38;15/06/2021;4900;Emalhe Anilhado
39;27/05/2021;1800;Emalhe Anilhado
40;01/06/2021;600;Emalhe Anilhado
41;01/06/2021;6320;Emalhe Anilhado
42;02/06/2021;6740;Emalhe Anilhado
43;07/06/2021;3340;Emalhe Anilhado
44;16/06/2021;1200;Emalhe Anilhado
45;29/05/2021;9320;Emalhe Anilhado
46;17/06/2021;6040;Emalhe Anilhado
47;17/06/2021;5980;Emalhe Anilhado
48;16/06/2021;5560;Emalhe Anilhado
49;25/05/2021;4400;Emalhe Anilhado
50;11/06/2021;10000;Emalhe Anilhado
51;11/06/2021;10000;Emalhe Anilhado
52;02/06/2021;11000;Emalhe Anilhado
53;14/06/2021;4960;Emalhe Anilhado
54;17/06/2021;2640;Emalhe Anilhado
55;05/06/2021;9500;Emalhe Anilhado
56;15/06/2021;6200;Emalhe Anilhado
57;29/05/2021;10000;Emalhe Anilhado
58;29/05/2021;2500;Emalhe Anilhado
59;29/05/2021;8260;Emalhe Anilhado
60;14/06/2021;7980;Emalhe Anilhado
61;30/05/2021;10200;Emalhe Anilhado
62;03/06/2021;9000;Emalhe Anilhado
63;16/06/2021;2500;Emalhe Anilhado
64;31/05/2021;2000;Emalhe Anilhado
65;31/05/2021;4000;Emalhe Anilhado
66;16/06/2021;4440;Emalhe Anilhado
67;28/05/2021;4360;Emalhe Anilhado
68;02/06/2021;3520;Emalhe Anilhado
69;04/06/2021;8000;Emalhe Anilhado
70;01/06/2021;6580;Emalhe Anilhado
71;29/05/2021;4860;Emalhe Anilhado
72;24/05/2021;1500;Emalhe Anilhado
73;03/06/2021;12900;Emalhe Anilhado
74;29/05/2021;10020;Emalhe Anilhado
75;03/06/2021;3460;Emalhe Anilhado
76;04/06/2021;1120;Emalhe Anilhado
77;14/06/2021;13080;Emalhe Anilhado
78;27/05/2021;4000;Emalhe Anilhado
79;04/06/2021;6300;Emalhe Anilhado
80;04/06/2021;6020;Emalhe Anilhado
81;09/06/2021;5660;Emalhe Anilhado
82;03/06/2021;2600;Emalhe Anilhado
83;12/06/2021;6900;Emalhe Anilhado
84;16/06/2021;3680;Emalhe Anilhado
85;16/06/2021;2520;Emalhe Anilhado
86;02/06/2021;3260;Emalhe Anilhado
87;04/06/2021;5200;Emalhe Anilhado
88;07/06/2021;2660;Emalhe Anilhado
89;02/06/2021;8000;Emalhe Anilhado
90;02/06/2021;8400;Emalhe Anilhado
91;28/05/2021;8000;Emalhe Anilhado
92;11/06/2021;3660;Emalhe Anilhado
93;16/06/2021;600;Emalhe Anilhado
94;14/06/2021;8000;Emalhe Anilhado
95;23/06/2021;192;Emalhe Anilhado
96;01/06/2021;2500;Emalhe Anilhado
97;06/06/2021;5400;Emalhe Anilhado
98;08/06/2021;2850;Emalhe Anilhado
99;14/06/2021;1640;Emalhe Anilhado
100;29/05/2021;1100;Emalhe Anilhado
101;11/06/2021;2560;Emalhe Anilhado
102;12/06/2021;2980;Emalhe Anilhado
103;15/06/2021;7740;Emalhe Anilhado
104;03/06/2021;1320;Emalhe Anilhado
105;16/06/2021;11000;Emalhe Anilhado
106;23/05/2021;5800;Emalhe Anilhado
107;29/05/2021;3000;Emalhe Anilhado
108;01/06/2021;10000;Emalhe Anilhado
109;04/06/2021;4800;Emalhe Anilhado
110;11/06/2021;3780;Emalhe Anilhado
111;16/06/2021;3040;Emalhe Anilhado
112;26/05/2021;5000;Emalhe Anilhado
113;11/06/2021;5000;Emalhe Anilhado
114;29/05/2021;2000;Emalhe Anilhado
115;01/06/2021;8000;Emalhe Anilhado
116;14/06/2021;760;Emalhe Anilhado
117;03/06/2021;8000;Emalhe Anilhado
118;03/06/2021;6180;Emalhe Anilhado
119;17/05/2021;8580;Produtor Não Direto
120;21/05/2021;4400;Produtor Não Direto
121;02/06/2021;10000;Produtor Não Direto
122;02/06/2021;10000;Produtor Não Direto
123;14/05/2021;2000;Produtor Não Direto
124;01/06/2021;3603;Produtor Não Direto
125;04/06/2021;5976,6;Produtor Não Direto
126;07/06/2021;6000;Produtor Não Direto
127;18/06/2021;5000;Produtor Não Direto
128;31/05/2021;3248;Produtor Não Direto
129;08/06/2021;22000;Produtor Não Direto
130;08/06/2021;8000;Produtor Não Direto
131;01/06/2021;10000;Produtor Não Direto
132;07/06/2021;4500;Produtor Não Direto
133;07/06/2021;500;Produtor Não Direto
134;09/06/2021;8000;Produtor Não Direto
135;15/06/2021;6000;Produtor Não Direto
136;17/06/2021;6000;Produtor Não Direto
137;07/06/2021;3000;Produtor Não Direto
138;28/06/2021;1500;Produtor Não Direto
139;01/06/2021;6000;Produtor Não Direto
140;03/06/2021;1400;Produtor Não Direto
141;05/06/2021;10000;Produtor Não Direto
142;05/06/2021;10000;Produtor Não Direto
143;05/06/2021;3000;Produtor Não Direto
144;07/06/2021;6000;Produtor Não Direto
145;08/06/2021;5620;Produtor Não Direto
146;15/06/2021;200;Produtor Não Direto
147;16/06/2021;10000;Produtor Não Direto
148;21/06/2021;1000;Produtor Não Direto
149;25/06/2021;3500;Produtor Não Direto
150;26/05/2021;1940;Produtor Não Direto
151;26/05/2021;1940;Produtor Não Direto
152;29/05/2021;3500;Produtor Não Direto
153;29/04/2021;800;Produtor Não Direto
154;30/05/2021;1580;Produtor Não Direto
155;04/05/2021;12000;Produtor Não Direto
156;29/04/2021;16000;Produtor Não Direto
157;30/04/2021;13840;Produtor Não Direto
158;30/04/2021;9600;Produtor Não Direto
159;30/04/2021;9020;Produtor Não Direto
160;31/05/2021;20000;Produtor Não Direto
161;04/06/2021;3120;Produtor Não Direto
162;07/06/2021;4000;Produtor Não Direto
163;08/06/2021;4680;Produtor Não Direto
164;26/05/2021;680;Produtor Não Direto
165;31/05/2021;1200;Produtor Não Direto
166;18/06/2021;3640;Produtor Não Direto
167;02/06/2021;2320;Produtor Não Direto
168;02/07/2021;5380;Produtor Não Direto
169;02/07/2021;11240;Produtor Não Direto
170;04/06/2021;7260;Produtor Não Direto
171;04/06/2021;2460;Produtor Não Direto
172;04/06/2021;8000;Produtor Não Direto
173;04/06/2021;3320;Produtor Não Direto
174;04/06/2021;520;Produtor Não Direto
175;05/06/2021;4000;Produtor Não Direto
176;05/06/2021;1500;Produtor Não Direto
177;05/06/2021;3160;Produtor Não Direto
178;05/06/2021;2620;Produtor Não Direto
179;05/06/2021;1600;Produtor Não Direto
180;06/07/2021;3900;Produtor Não Direto
181;06/07/2021;972;Produtor Não Direto
182;07/07/2021;1944;Produtor Não Direto
183;08/06/2021;15000;Produtor Não Direto
184;08/07/2021;4318;Produtor Não Direto
185;08/07/2021;7660;Produtor Não Direto
186;09/06/2021;1880;Produtor Não Direto
187;09/07/2021;4180;Produtor Não Direto
188;09/07/2021;1613;Produtor Não Direto
189;12/07/2021;4840;Produtor Não Direto
190;15/06/2021;1600;Produtor Não Direto
191;15/06/2021;500;Produtor Não Direto
192;15/06/2021;1000;Produtor Não Direto
193;15/06/2021;1720;Produtor Não Direto
194;15/07/2021;800;Produtor Não Direto
195;15/07/2021;4270;Produtor Não Direto
196;15/07/2021;4240;Produtor Não Direto
197;15/07/2021;4875;Produtor Não Direto
198;15/07/2021;4985;Produtor Não Direto
199;16/06/2021;8000;Produtor Não Direto
200;16/06/2021;11500;Produtor Não Direto
201;16/06/2021;7260;Produtor Não Direto
202;16/06/2021;2160;Produtor Não Direto
203;16/07/2021;1924;Produtor Não Direto
204;18/07/2021;4380;Produtor Não Direto
205;19/05/2021;7200;Produtor Não Direto
206;19/06/2021;8640;Produtor Não Direto
207;20/07/2021;3597;Produtor Não Direto
208;21/06/2021;5460;Produtor Não Direto
209;21/06/2021;2240;Produtor Não Direto
210;21/06/2021;2340;Produtor Não Direto
211;21/07/2021;2793;Produtor Não Direto
212;22/05/2021;14400;Produtor Não Direto
213;22/06/2021;2400;Produtor Não Direto
214;23/06/2021;1610;Produtor Não Direto
215;25/06/2021;7740;Produtor Não Direto
216;28/05/2021;1680;Produtor Não Direto
217;28/07/2021;4021;Produtor Não Direto
218;28/07/2021;3560;Produtor Não Direto
219;28/07/2021;4230;Produtor Não Direto
220;29/05/2021;5380;Produtor Não Direto
221;29/07/2021;2840;Produtor Não Direto
222;29/07/2021;3266;Produtor Não Direto
223;10/06/2021;2400;Produtor Não Direto
224;13/05/2021;1000;Produtor Não Direto
225;14/05/2021;2517;Produtor Não Direto
226;14/06/2021;9812;Produtor Não Direto
227;15/06/2021;3000;Produtor Não Direto
228;16/06/2021;2000;Produtor Não Direto
229;19/05/2021;1400;Produtor Não Direto
230;01/06/2021;9600;Produtor Não Direto
231;02/06/2021;12180;Produtor Não Direto
232;04/06/2021;5000;Produtor Não Direto
233;09/06/2021;2480;Produtor Não Direto
234;15/06/2021;3800;Produtor Não Direto
235;18/06/2021;5600;Produtor Não Direto
236;22/05/2021;3000;Produtor Não Direto
237;29/05/2021;12280;Produtor Não Direto
238;02/06/2021;2300;Produtor Não Direto
239;04/06/2021;5000;Produtor Não Direto
240;24/06/2021;4980;Produtor Não Direto
241;18/06/2021;4800;Produtor Não Direto
242;01/06/2021;20000;Produtor Não Direto
243;01/06/2021;3400;Produtor Não Direto
244;01/06/2021;15120;Produtor Não Direto
245;02/06/2021;15600;Produtor Não Direto
246;04/06/2021;6000;Produtor Não Direto
247;08/06/2021;20000;Produtor Não Direto
248;09/06/2021;7960;Produtor Não Direto
249;10/06/2021;5100;Produtor Não Direto
250;14/06/2021;9520;Produtor Não Direto
251;14/06/2021;12000;Produtor Não Direto
252;14/07/2021;1920;Produtor Não Direto
253;15/06/2021;15000;Produtor Não Direto
254;15/06/2021;10000;Produtor Não Direto
255;17/06/2021;8940;Produtor Não Direto
256;17/06/2021;9000;Produtor Não Direto
257;17/06/2021;5200;Produtor Não Direto
258;21/06/2021;13500;Produtor Não Direto
259;21/06/2021;6200;Produtor Não Direto
260;24/06/2021;11790;Produtor Não Direto
261;29/04/2021;5700;Produtor Não Direto
262;29/04/2021;11920;Produtor Não Direto
263;29/06/2021;15206;Produtor Não Direto
264;04/05/2021;13200;Produtor Não Direto
265;19/05/2021;10720;Produtor Não Direto
266;24/01/2021;10000;Produtor Não Direto
267;26/05/2021;4040;Produtor Não Direto
268;04/05/2021;400;Produtor Não Direto
269;02/05/2021;12000;Produtor Não Direto
270;18/05/2021;5500;Produtor Não Direto
271;20/04/2021;14000;Produtor Não Direto
272;07/05/2021;8500;Produtor Não Direto
273;21/05/2021;1000;Produtor Não Direto
274;28/05/2021;2820;Produtor Não Direto
275;08/05/2021;10840;Produtor Não Direto
276;13/04/2021;4140;Produtor Não Direto
277;16/04/2021;8100;Produtor Não Direto
278;19/04/2021;200;Produtor Não Direto
279;20/05/2021;4140;Produtor Não Direto
280;21/05/2021;5940;Produtor Não Direto
281;24/05/2021;12760;Produtor Não Direto
282;26/05/2021;6820;Produtor Não Direto
283;19/05/2021;7200;Produtor Não Direto
284;22/05/2021;14400;Produtor Não Direto
285;09/03/2021;6520;Produtor Não Direto
286;09/03/2021;5480;Produtor Não Direto
287;10/03/2021;1920;Produtor Não Direto
288;11/03/2021;3300;Produtor Não Direto
289;19/04/2021;7040;Produtor Não Direto
290;21/05/2021;7020;Produtor Não Direto
291;24/06/2021;5260;Produtor Não Direto
292;06/07/2021;21800;Produtor Não Direto
293;26/06/2021;3600;Produtor Não Direto
294;10/06/2021;2400;Produtor Não Direto
295;11/04/2021;9280;Produtor Não Direto
296;04/06/2021;12000;Produtor Não Direto
297;04/06/2021;17000;Produtor Não Direto
298;04/06/2021;8000;Produtor Não Direto
299;04/06/2021;10000;Produtor Não Direto
300;04/06/2021;14000;Produtor Não Direto
301;10/05/2021;6720;Produtor Não Direto
302;10/05/2021;11280;Produtor Não Direto
303;02/05/2021;13000;Produtor Não Direto
304;28/04/2021;14000;Produtor Não Direto
305;30/04/2021;17620;Produtor Não Direto
306;13/05/2021;1200;Produtor Não Direto
307;22/05/2021;200;Produtor Não Direto
308;01/10/2021;7005;Produtor Não Direto
309;15/09/2021;12000;Produtor Não Direto
310;04/06/2021;4802;Produtor Não Direto
311;04/06/2021;820;Produtor Não Direto
312;04/06/2021;4080;Produtor Não Direto
313;04/06/2021;4856;Produtor Não Direto
314;04/06/2021;2492;Produtor Não Direto
315;04/06/2021;4800;Produtor Não Direto
316;04/06/2021;2100;Produtor Não Direto
317;04/06/2021;3920;Produtor Não Direto
318;04/06/2021;1840;Produtor Não Direto
319;04/06/2021;3920;Produtor Não Direto
320;05/01/2022;13095;Produtor Não Direto
321;07/06/2021;3520;Produtor Não Direto
322;07/06/2021;1520;Produtor Não Direto
323;07/06/2021;4686;Produtor Não Direto
324;07/06/2021;2000;Produtor Não Direto
325;07/06/2021;6460;Produtor Não Direto
326;07/06/2021;680;Produtor Não Direto
327;07/06/2021;2640;Produtor Não Direto
328;08/06/2021;1600;Produtor Não Direto
329;08/06/2021;1140;Produtor Não Direto
330;08/06/2021;2000;Produtor Não Direto
331;08/06/2021;2500;Produtor Não Direto
332;08/06/2021;4400;Produtor Não Direto
333;09/06/2021;2100;Produtor Não Direto
334;09/06/2021;1740;Produtor Não Direto
335;09/06/2021;1740;Produtor Não Direto
336;09/06/2021;1520;Produtor Não Direto
337;09/06/2021;316;Produtor Não Direto
338;09/06/2021;800;Produtor Não Direto
339;09/06/2021;1130;Produtor Não Direto
340;09/06/2021;4080;Produtor Não Direto
341;10/06/2021;2000;Produtor Não Direto
342;10/06/2021;2720;Produtor Não Direto
343;10/06/2021;3100;Produtor Não Direto
344;10/06/2021;1946;Produtor Não Direto
345;14/01/2022;780;Produtor Não Direto
346;14/01/2022;2490;Produtor Não Direto
347;19/11/2021;8010;Produtor Não Direto
348;23/11/2021;7995;Produtor Não Direto
349;04/06/2021;2000;Produtor Não Direto
350;24/05/2021;600;Produtor Não Direto
351;25/06/2021;120;Produtor Não Direto
352;28/06/2021;850;Produtor Não Direto
353;16/06/2021;4440;Outras Modalidades
354;31/05/2021;7320;Outras Modalidades
355;05/07/2021;1300;Outras Modalidades
356;25/06/2021;2560;Outras Modalidades
357;01/06/2021;5300;Outras Modalidades
358;15/06/2021;1000;Outras Modalidades
359;09/06/2021;5100;Outras Modalidades
360;09/06/2021;5060;Outras Modalidades
361;10/06/2021;4580;Outras Modalidades
362;07/06/2021;10000;Outras Modalidades
363;14/06/2021;1500;Outras Modalidades
364;15/06/2021;4000;Outras Modalidades
365;15/06/2021;4000;Outras Modalidades
366;15/06/2021;1740;Outras Modalidades
367;28/06/2021;3660;Outras Modalidades
368;04/06/2021;6500;Outras Modalidades
369;02/06/2021;2320;Outras Modalidades
370;03/06/2021;7260;Outras Modalidades
371;03/06/2021;2460;Outras Modalidades
372;04/06/2021;8000;Outras Modalidades
373;04/06/2021;520;Outras Modalidades
374;05/06/2021;3160;Outras Modalidades
375;14/06/2021;1720;Outras Modalidades
376;16/06/2021;11500;Outras Modalidades
377;16/06/2021;7260;Outras Modalidades
378;21/06/2021;5460;Outras Modalidades
379;29/05/2021;5380;Outras Modalidades
380;28/05/2021;1680;Outras Modalidades
381;04/06/2021;8457;Outras Modalidades
382;07/06/2021;8260;Outras Modalidades
383;10/06/2021;1000;Outras Modalidades
384;10/06/2021;580;Outras Modalidades
385;23/06/2021;6040;Outras Modalidades
386;15/05/2021;700;Outras Modalidades
387;28/06/2021;1200;Outras Modalidades
388;01/07/2021;5380;Outras Modalidades
389;02/07/2021;11240;Outras Modalidades
390;06/07/2021;3900;Outras Modalidades
391;07/07/2021;1944;Outras Modalidades
392;08/07/2021;4318;Outras Modalidades
393;09/07/2021;1613;Outras Modalidades
394;15/07/2021;4875;Outras Modalidades
395;15/07/2021;4985;Outras Modalidades
396;16/07/2021;1924;Outras Modalidades
397;20/07/2021;3597;Outras Modalidades
398;28/07/2021;4230;Outras Modalidades
399;28/07/2021;4021;Outras Modalidades
400;14/06/2021;8760;Outras Modalidades
401;10/05/2021;8060;Outras Modalidades
402;10/05/2021;13440;Outras Modalidades
403;21/05/2021;4600;Outras Modalidades
404;27/05/2021;4420;Outras Modalidades
405;05/06/2021;1600;Outras Modalidades
406;14/06/2021;1000;Outras Modalidades
407;04/06/2021;3320;Outras Modalidades
408;08/06/2021;1880;Outras Modalidades
409;15/06/2021;2160;Outras Modalidades
410;18/06/2021;8640;Outras Modalidades
411;31/05/2021;2760;Outras Modalidades
412;11/07/2021;4840;Outras Modalidades
413;28/07/2021;3560;Outras Modalidades
414;04/06/2021;5020;Outras Modalidades
415;14/06/2021;5340;Outras Modalidades
416;05/07/2021;3060;Outras Modalidades
417;08/07/2021;1820;Outras Modalidades
418;10/07/2021;1640;Outras Modalidades
419;13/07/2021;4020;Outras Modalidades
420;21/06/2021;2460;Outras Modalidades
421;25/06/2021;1600;Outras Modalidades
422;06/07/2021;2000;Outras Modalidades
423;06/06/2021;5140;Outras Modalidades
424;16/06/2021;2080;Outras Modalidades
425;16/06/2021;1920;Outras Modalidades
426;05/07/2021;2900;Outras Modalidades
427;16/06/2021;7500;Outras Modalidades
428;15/07/2021;800;Outras Modalidades
429;18/07/2021;4380;Outras Modalidades
430;08/07/2021;7660;Outras Modalidades
431;15/07/2021;4240;Outras Modalidades
432;21/06/2021;2240;Outras Modalidades
433;21/06/2021;2340;Outras Modalidades
434;21/07/2021;2793;Outras Modalidades
435;22/06/2021;2400;Outras Modalidades
436;23/06/2021;1610;Outras Modalidades
437;25/06/2021;7740;Outras Modalidades
438;29/07/2021;2840;Outras Modalidades
439;01/06/2021;10000;Outras Modalidades
440;02/06/2021;7000;Outras Modalidades
441;02/06/2021;9000;Outras Modalidades
442;04/06/2021;10000;Outras Modalidades
443;04/06/2021;8000;Outras Modalidades
444;14/06/2021;7000;Outras Modalidades
445;15/06/2021;14340;Outras Modalidades
446;17/05/2021;2940;Outras Modalidades
447;18/05/2021;7040;Outras Modalidades
448;19/05/2021;7020;Outras Modalidades
449;24/05/2021;7900;Outras Modalidades
450;24/05/2021;15000;Outras Modalidades
451;27/05/2021;17000;Outras Modalidades
452;31/05/2021;10900;Outras Modalidades
453;16/06/2021;3000;Outras Modalidades
454;17/06/2021;4800;Outras Modalidades
455;18/06/2021;5100;Outras Modalidades
456;21/06/2021;5000;Outras Modalidades
457;21/06/2021;3680;Outras Modalidades
458;22/06/2021;3820;Outras Modalidades
459;22/06/2021;3540;Outras Modalidades
460;25/06/2021;6200;Outras Modalidades
461;26/06/2021;7800;Outras Modalidades
462;26/06/2021;11660;Outras Modalidades
463;01/06/2021;2000;Outras Modalidades
464;05/06/2021;5040;Outras Modalidades
465;08/06/2021;5790;Outras Modalidades
466;14/06/2021;13600;Outras Modalidades
467;14/06/2021;5040;Outras Modalidades
468;09/07/2021;4180;Outras Modalidades
469;15/07/2021;4270;Outras Modalidades
470;16/07/2021;7080;Outras Modalidades
471;29/07/2021;3266;Outras Modalidades
472;05/06/2021;1500;Outras Modalidades
473;14/06/2021;500;Outras Modalidades
474;02/07/2021;2600;Outras Modalidades
475;07/06/2021;3280;Outras Modalidades
476;14/06/2021;7800;Outras Modalidades
477;15/06/2021;1560;Outras Modalidades
478;05/07/2021;4900;Outras Modalidades
479;08/06/2021;4500;Outras Modalidades
480;14/07/2021;4800;Outras Modalidades
481;11/06/2021;1460;Outras Modalidades
482;15/06/2021;1200;Outras Modalidades
483;15/06/2021;2500;Outras Modalidades
484;16/06/2021;2040;Outras Modalidades
485;16/06/2021;2320;Outras Modalidades
486;24/06/2021;4660;Outras Modalidades
487;16/06/2021;6000;Outras Modalidades
488;16/06/2021;6000;Outras Modalidades
489;24/06/2021;7000;Outras Modalidades
490;25/06/2021;5000;Outras Modalidades
491;26/06/2021;9000;Outras Modalidades
492;28/06/2021;6000;Outras Modalidades
493;01/06/2021;2400;Outras Modalidades
494;04/06/2021;7280;Outras Modalidades
495;04/06/2021;3680;Outras Modalidades
496;04/06/2021;3520;Outras Modalidades
497;04/06/2021;4800;Outras Modalidades
498;06/06/2021;10860;Outras Modalidades
499;28/06/2021;4180;Outras Modalidades
500;03/06/2021;2400;Outras Modalidades
501;24/06/2021;5000;Outras Modalidades
502;05/06/2021;2620;Outras Modalidades
503;05/06/2021;4000;Outras Modalidades
504;14/06/2021;1600;Outras Modalidades
505;05/07/2021;6000;Outras Modalidades
506;07/06/2021;1800;Outras Modalidades
507;08/06/2021;7000;Outras Modalidades
508;15/06/2021;8000;Outras Modalidades
509;15/06/2021;4640;Outras Modalidades
510;15/06/2021;4020;Outras Modalidades
511;16/06/2021;2920;Outras Modalidades
0;01/07/2022;3300;Produtor Não Direto
1;22/06/2022;8860;Produtor Direto
2;29/06/2022;8000;Produtor Direto
3;24/05/2022;2860;Emalhe Anilhado
4;30/05/2022;2860;Emalhe Anilhado
5;02/06/2022;3680;Emalhe Anilhado
6;24/05/2022;7700;Produtor Direto
7;24/05/2022;2020;Emalhe Anilhado
8;12/05/2022;4680;Produtor Não Direto
9;21/06/2022;16500;Emalhe Anilhado
10;09/07/2022;6000;Emalhe Anilhado
11;24/05/2022;2380;Emalhe Anilhado
12;02/06/2022;7400;Emalhe Anilhado
13;23/05/2022;12000;Emalhe Anilhado
14;31/05/2022;8380;Emalhe Anilhado
15;10/06/2022;4000;Emalhe Anilhado
16;10/06/2022;2000;Produtor Direto
17;23/06/2022;12000;Emalhe Anilhado
18;04/06/2022;4080;Produtor Direto
19;24/05/2022;2500;Emalhe Anilhado
20;02/06/2022;1000;Emalhe Anilhado
21;06/06/2022;7700;Produtor Direto
22;07/05/2022;17000;Produtor Não Direto
23;09/05/2022;14000;Produtor Não Direto
24;10/05/2022;24000;Produtor Não Direto
25;02/06/2022;4000;Emalhe Anilhado
26;02/06/2022;1440;Emalhe Anilhado
27;24/05/2022;1435;Emalhe Anilhado
28;02/06/2022;1000;Emalhe Anilhado
29;24/05/2022;5640;Produtor Direto
30;25/05/2022;1060;Emalhe Anilhado
31;02/06/2022;920;Emalhe Anilhado
32;02/06/2022;8560;Emalhe Anilhado
33;25/05/2022;4000;Produtor Não Direto
34;31/05/2022;380;Produtor Não Direto
35;31/05/2022;14000;Produtor Não Direto
36;01/06/2022;8000;Produtor Não Direto
37;03/06/2022;9000;Produtor Não Direto
38;13/06/2022;2000;Cerco/Traineira
39;23/05/2022;2000;Produtor Não Direto
40;26/05/2022;2000;Produtor Não Direto
41;09/05/2022;18000;Produtor Não Direto
42;25/05/2022;2560;Produtor Direto
43;23/05/2022;2180;Produtor Não Direto
44;27/05/2021;8000;Produtor Não Direto
45;27/05/2022;2000;Produtor Não Direto
46;11/05/2022;12000;Produtor Não Direto
47;17/05/2022;10000;Produtor Não Direto
48;18/05/2022;4000;Produtor Não Direto
49;20/05/2022;6000;Produtor Não Direto
50;24/05/2022;10000;Produtor Não Direto
51;03/06/2022;14000;Produtor Não Direto
52;16/06/2022;2000;Produtor Não Direto
53;10/05/2022;7000;Produtor Não Direto
54;06/06/2022;11520;Produtor Não Direto
55;09/06/2022;7000;Produtor Não Direto
56;16/06/2022;2000;Produtor Não Direto
57;20/06/2022;2000;Produtor Não Direto
58;21/06/2022;1000;Produtor Não Direto
59;22/06/2022;800;Produtor Não Direto
60;24/06/2022;2100;Produtor Não Direto
61;29/06/2022;4180;Produtor Não Direto
62;04/07/2022;1100;Produtor Não Direto
63;10/05/2022;1000;Produtor Não Direto
64;17/05/2022;1000;Produtor Não Direto
65;20/05/2022;500;Produtor Não Direto
66;23/05/2022;1400;Produtor Não Direto
67;02/06/2022;1000;Produtor Não Direto
68;03/06/2022;1000;Produtor Não Direto
69;06/06/2022;1400;Produtor Não Direto
70;22/06/2022;400;Produtor Não Direto
71;28/06/2022;1000;Produtor Não Direto
72;01/04/2022;3000;Produtor Não Direto
73;05/04/2022;2000;Produtor Não Direto
74;19/04/2022;3340;Produtor Não Direto
75;23/04/2022;3280;Produtor Não Direto
76;26/04/2022;3620;Produtor Não Direto
77;26/04/2022;8000;Produtor Não Direto
78;30/04/2022;6880;Produtor Não Direto
79;02/05/2022;7500;Produtor Não Direto
80;07/05/2022;14000;Produtor Não Direto
81;09/05/2022;6000;Produtor Não Direto
82;09/05/2022;4600;Produtor Não Direto
83;09/05/2022;6000;Produtor Não Direto
84;09/05/2022;5500;Produtor Não Direto
85;09/05/2022;4500;Produtor Não Direto
86;15/05/2022;5400;Produtor Não Direto
87;15/05/2022;5000;Produtor Não Direto
88;15/05/2022;6600;Produtor Não Direto
89;17/05/2022;12000;Produtor Não Direto
90;17/05/2022;5500;Produtor Não Direto
91;17/05/2022;6500;Produtor Não Direto
92;17/05/2022;3840;Produtor Não Direto
93;18/05/2022;6000;Produtor Não Direto
94;18/05/2022;4840;Produtor Não Direto
95;18/05/2022;5000;Produtor Não Direto
96;09/06/2022;5100;Produtor Direto
97;07/05/2022;4000;Produtor Não Direto
98;18/05/2022;3000;Produtor Não Direto
99;23/05/2022;10400;Produtor Não Direto
100;27/05/2022;4000;Produtor Não Direto
101;01/06/2022;5400;Produtor Não Direto
102;03/06/2022;3000;Produtor Não Direto
103;04/06/2022;3100;Produtor Não Direto
104;06/06/2022;2600;Produtor Não Direto
105;09/06/2022;10000;Produtor Não Direto
106;14/06/2022;4280;Produtor Não Direto
107;16/06/2022;4600;Produtor Não Direto
108;18/06/2022;5400;Produtor Não Direto
109;18/06/2022;5300;Produtor Não Direto
110;18/06/2022;1440;Produtor Não Direto
111;18/06/2022;6440;Produtor Não Direto
112;22/06/2022;12000;Produtor Não Direto
113;24/06/2022;1020;Produtor Não Direto
114;25/06/2022;4880;Produtor Não Direto
115;27/06/2022;3800;Produtor Não Direto
116;27/06/2022;3020;Produtor Não Direto
117;27/06/2022;2984;Produtor Não Direto
118;28/06/2022;3540;Produtor Não Direto
119;29/06/2022;3620;Produtor Não Direto
120;29/06/2022;3400;Produtor Não Direto
121;29/06/2022;3340;Produtor Não Direto
122;29/06/2022;3040;Produtor Não Direto
123;29/06/2022;7220;Produtor Não Direto
124;30/06/2022;5200;Produtor Não Direto
125;30/06/2022;3100;Produtor Não Direto
126;30/06/2022;6100;Produtor Não Direto
127;01/07/2022;3600;Produtor Não Direto
128;01/07/2022;3440;Produtor Não Direto
129;01/07/2022;3320;Produtor Não Direto
130;01/07/2022;3500;Produtor Não Direto
131;04/07/2022;3240;Produtor Não Direto
132;04/07/2022;3294;Produtor Não Direto
133;04/07/2022;3312;Produtor Não Direto
134;04/07/2022;3330;Produtor Não Direto
135;06/07/2022;3080;Produtor Não Direto
136;06/07/2022;2980;Produtor Não Direto
137;06/07/2022;3000;Produtor Não Direto
138;06/07/2022;3020;Produtor Não Direto
139;12/07/2022;2100;Produtor Não Direto
140;12/07/2022;2340;Produtor Não Direto
141;12/07/2022;1060;Produtor Não Direto
142;14/07/2022;2060;Produtor Não Direto
143;14/07/2022;1960;Produtor Não Direto
144;25/07/2022;2560;Produtor Não Direto
145;25/07/2022;2500;Produtor Não Direto
146;25/07/2022;2520;Produtor Não Direto
147;25/07/2022;2480;Produtor Não Direto
148;24/05/2022;4000;Produtor Direto
149;25/05/2022;7040;Produtor Direto
150;06/06/2022;6000;Produtor Direto
151;26/05/2022;4640;Emalhe Anilhado
152;03/06/2022;2500;Emalhe Anilhado
153;23/05/2022;9800;Produtor Não Direto
154;30/05/2022;11000;Produtor Não Direto
155;03/06/2022;8480;Produtor Não Direto
156;23/05/2022;15860;Produtor Não Direto
157;23/05/2022;11920;Produtor Não Direto
158;02/06/2022;14880;Produtor Não Direto
159;17/06/2022;5680;Produtor Não Direto
160;01/06/2022;3260;Produtor Direto
161;25/05/2022;3220;Emalhe Anilhado
162;02/06/2022;440;Emalhe Anilhado
163;24/05/2022;7840;Emalhe Anilhado
164;23/05/2022;9500;Produtor Direto
165;03/06/2022;8640;Produtor Direto
166;13/06/2022;4240;Produtor Direto
167;15/06/2022;5320;Produtor Direto
168;17/06/2022;2460;Produtor Direto
169;21/06/2022;3760;Produtor Direto
170;23/06/2022;3800;Produtor Direto
171;30/06/2022;2880;Produtor Direto
172;19/04/2022;13900;Produtor Não Direto
173;25/04/2022;12680;Produtor Não Direto
174;26/04/2022;11320;Produtor Não Direto
175;03/05/2022;1000;Produtor Não Direto
176;11/05/2022;7920;Produtor Não Direto
177;13/05/2022;6000;Produtor Não Direto
178;20/05/2022;20580;Produtor Não Direto
179;20/05/2022;1400;Produtor Não Direto
180;03/05/2022;7520;Produtor Não Direto
181;30/05/2022;1420;Produtor Direto
182;31/05/2022;1600;Produtor Direto
183;28/05/2022;1580;Produtor Direto
184;22/06/2022;12000;Emalhe Anilhado
185;26/05/2022;1120;Produtor Direto
186;25/05/2022;3400;Emalhe Anilhado
187;26/05/2022;5700;Emalhe Anilhado
188;28/05/2022;11000;Emalhe Anilhado
189;31/05/2022;8600;Emalhe Anilhado
190;03/06/2022;5000;Emalhe Anilhado
191;04/06/2022;4980;Emalhe Anilhado
192;10/06/2022;2020;Emalhe Anilhado
193;16/06/2022;7000;Emalhe Anilhado
194;18/06/2022;2140;Emalhe Anilhado
195;20/06/2022;8400;Emalhe Anilhado
196;24/06/2022;6000;Emalhe Anilhado
197;22/05/2022;680;Produtor Direto
198;02/06/2022;6900;Emalhe Anilhado
199;03/06/2022;460;Emalhe Anilhado
200;27/05/2022;340;Produtor Direto
201;03/06/2022;4820;Cerco/Traineira
202;04/07/2022;12000;Cerco/Traineira
203;16/06/2022;15180;Cerco/Traineira
204;22/06/2022;9200;Produtor Não Direto
205;25/05/2022;2000;Produtor Direto
206;06/04/2022;7920;Produtor Não Direto
207;24/05/2022;3980;Produtor Direto
208;02/06/2022;5760;Produtor Direto
209;16/06/2022;5360;Produtor Direto
210;18/06/2022;2920;Produtor Direto
211;21/06/2022;3200;Produtor Direto
212;29/06/2022;882;Produtor Direto
213;24/05/2022;2160;Emalhe Anilhado
214;30/05/2022;1380;Emalhe Anilhado
215;07/06/2022;2100;Emalhe Anilhado
216;23/05/2022;4180;Produtor Não Direto
217;25/05/2022;2420;Produtor Não Direto
218;03/06/2022;4840;Produtor Não Direto
219;20/06/2022;3360;Produtor Não Direto
220;29/06/2022;11000;Cerco/Traineira
221;14/06/2022;15800;Cerco/Traineira
222;01/07/2022;7000;Cerco/Traineira
223;07/05/2022;7920;Produtor Não Direto
224;10/05/2022;47000;Produtor Não Direto
225;17/06/2022;9330;Produtor Não Direto
226;18/06/2022;17440;Produtor Não Direto
227;05/05/2022;7000;Produtor Não Direto
228;10/05/2022;2140;Produtor Não Direto
229;16/05/2022;6000;Produtor Não Direto
230;20/05/2022;5420;Produtor Não Direto
231;23/05/2022;15800;Produtor Não Direto
232;27/05/2022;10480;Produtor Não Direto
233;30/05/2022;5480;Produtor Não Direto
234;30/05/2022;6000;Produtor Não Direto
235;31/05/2022;8780;Produtor Não Direto
236;01/06/2022;6440;Produtor Não Direto
237;01/06/2022;7360;Produtor Não Direto
238;02/06/2022;11940;Produtor Não Direto
239;03/06/2022;10140;Produtor Não Direto
240;04/06/2022;6380;Produtor Não Direto
241;06/06/2022;9500;Produtor Não Direto
242;21/06/2022;6210;Produtor Não Direto
243;23/06/2022;2540;Produtor Não Direto
244;23/06/2022;4480;Produtor Não Direto
245;24/06/2022;2360;Produtor Não Direto
246;25/06/2022;7600;Produtor Não Direto
247;21/07/2022;1500;Produtor Não Direto
248;08/06/2022;5000;Produtor Não Direto
249;01/07/2022;2000;Produtor Não Direto
250;01/06/2022;12920;Produtor Não Direto
251;01/06/2022;3000;Produtor Não Direto
252;03/06/2022;15735;Produtor Não Direto
253;14/06/2022;6000;Produtor Não Direto
254;24/06/2022;1000;Produtor Não Direto
255;17/06/2022;2000;Produtor Não Direto
256;25/05/2022;5000;Produtor Não Direto
257;26/05/2022;10020;Produtor Não Direto
258;02/06/2022;12520;Emalhe Anilhado
259;07/06/2022;2200;Emalhe Anilhado
260;18/07/2022;10300;Produtor Direto
261;25/06/2022;3400;Emalhe Anilhado
262;26/05/2022;2600;Produtor Direto
263;30/05/2022;4780;Produtor Direto
264;01/06/2022;2380;Produtor Direto
265;02/06/2022;2820;Produtor Direto
266;03/06/2022;5800;Produtor Direto
267;06/06/2022;2600;Produtor Direto
268;08/06/2022;2300;Produtor Direto
269;13/06/2022;4500;Produtor Direto
270;14/06/2022;5360;Produtor Direto
271;16/06/2022;4780;Produtor Direto
272;21/06/2022;3600;Produtor Direto
273;23/05/2022;1140;Emalhe Anilhado
274;24/05/2022;1400;Emalhe Anilhado
275;24/05/2022;2000;Produtor Direto
276;25/05/2022;2000;Produtor Direto
277;28/05/2022;2500;Produtor Direto
278;30/05/2022;3960;Produtor Direto
279;06/06/2022;2400;Produtor Direto
280;10/06/2022;5000;Produtor Direto
281;10/06/2022;4460;Produtor Direto
282;13/06/2022;8740;Produtor Direto
283;14/06/2022;4280;Produtor Direto
284;17/06/2022;5200;Produtor Direto
285;22/06/2022;2980;Produtor Direto
286;23/06/2022;4500;Produtor Direto
287;25/06/2022;4800;Produtor Direto
288;02/06/2022;6620;Emalhe Anilhado
289;17/05/2022;2400;Produtor Não Direto
290;25/05/2022;1500;Produtor Direto
291;27/05/2022;2020;Produtor Direto
292;03/06/2022;11600;Cerco/Traineira
293;10/06/2022;39300;Cerco/Traineira
294;23/05/2022;3960;Produtor Direto
295;03/06/2022;3460;Emalhe Anilhado
296;02/06/2022;3000;Emalhe Anilhado
297;07/06/2022;5580;Produtor Direto
298;21/06/2022;4000;Produtor Direto
299;24/06/2022;4600;Produtor Direto
300;04/06/2022;12000;Cerco/Traineira
301;09/06/2022;8380;Cerco/Traineira
302;15/06/2022;19200;Cerco/Traineira
303;22/06/2022;17700;Cerco/Traineira
304;25/05/2022;5010;Emalhe Anilhado
305;02/06/2022;1380;Emalhe Anilhado
306;23/05/2022;1400;Produtor Não Direto
307;26/05/2022;5200;Produtor Não Direto
308;23/05/2022;5200;Produtor Não Direto
309;07/05/2022;12000;Produtor Não Direto
310;09/05/2022;6000;Produtor Não Direto
311;09/05/2022;7000;Produtor Não Direto
312;11/05/2022;12000;Produtor Não Direto
313;12/05/2022;13000;Produtor Não Direto
314;14/05/2022;18400;Produtor Não Direto
315;20/05/2022;6200;Produtor Não Direto
316;30/05/2022;3040;Produtor Não Direto
317;15/05/2022;12000;Produtor Não Direto
318;09/05/2022;13000;Produtor Não Direto
319;10/05/2022;7380;Produtor Não Direto
320;02/05/2022;2980;Produtor Não Direto
321;05/05/2022;4040;Produtor Não Direto
322;07/05/2022;7000;Produtor Não Direto
323;17/05/2022;600;Produtor Não Direto
324;06/05/2022;6600;Produtor Não Direto
325;23/05/2022;3120;Produtor Direto
326;06/06/2022;4000;Produtor Direto
327;22/06/2022;5313;Produtor Direto
328;25/05/2022;1600;Emalhe Anilhado
329;19/06/2022;7000;Produtor Direto
330;27/05/2022;3000;Produtor Direto
331;02/06/2022;5740;Emalhe Anilhado
332;28/05/2022;3000;Emalhe Anilhado
333;25/05/2022;3260;Produtor Direto
334;01/06/2022;1000;Produtor Direto
335;07/06/2022;3720;Produtor Direto
336;11/06/2022;5500;Produtor Direto
337;13/06/2022;2340;Produtor Direto
338;13/06/2022;4000;Produtor Direto
339;17/06/2022;4840;Produtor Direto
340;25/06/2022;4880;Produtor Direto
341;23/05/2022;3700;Produtor Direto
342;24/05/2022;3120;Produtor Direto
343;31/05/2022;1540;Produtor Direto
344;02/06/2022;2280;Produtor Direto
345;06/06/2022;1600;Produtor Direto
346;13/06/2022;4900;Produtor Direto
347;17/06/2022;4200;Produtor Direto
348;21/06/2022;3800;Produtor Direto
349;23/06/2022;3860;Produtor Direto
350;14/07/2022;1960;Produtor Direto
351;01/08/2022;960;Produtor Direto
352;27/06/2022;6000;Produtor Direto
353;29/06/2022;5000;Produtor Direto
354;16/05/2022;16460;Produtor Direto
355;19/05/2022;3300;Produtor Direto
356;26/05/2022;4100;Produtor Direto
357;02/06/2022;1177;Emalhe Anilhado
358;04/06/2022;5500;Cerco/Traineira
359;11/06/2022;9700;Cerco/Traineira
360;16/06/2022;1580;Cerco/Traineira
361;19/06/2022;3200;Cerco/Traineira
362;24/06/2022;4520;Cerco/Traineira
363;09/07/2022;23500;Cerco/Traineira
364;11/07/2022;3800;Cerco/Traineira
365;04/06/2022;5200;Cerco/Traineira
366;11/06/2022;5700;Cerco/Traineira
367;16/06/2022;8400;Cerco/Traineira
368;23/06/2022;5200;Cerco/Traineira
369;01/07/2022;4200;Cerco/Traineira
370;11/07/2022;21600;Cerco/Traineira
371;20/07/2022;2300;Produtor Direto
372;25/05/2022;980;Emalhe Anilhado
373;30/05/2022;2160;Emalhe Anilhado
374;03/05/2022;11220;Produtor Não Direto
375;21/06/2022;21720;Emalhe Anilhado
376;18/05/2022;18460;Produtor Direto
377;22/05/2022;10400;Produtor Direto
378;28/05/2022;17160;Produtor Direto
379;25/05/2022;6680;Emalhe Anilhado
380;02/06/2022;6480;Emalhe Anilhado
381;03/05/2022;1000;Produtor Não Direto
382;02/06/2022;6680;Emalhe Anilhado
383;02/06/2022;12560;Produtor Não Direto
384;02/06/2022;12400;Produtor Não Direto
385;02/06/2022;5280;Produtor Não Direto
386;02/06/2022;720;Produtor Não Direto
387;03/06/2022;5060;Produtor Não Direto
388;04/06/2022;8060;Produtor Não Direto
389;11/06/2022;3900;Produtor Não Direto
390;13/06/2022;3800;Produtor Não Direto
391;17/06/2022;2500;Produtor Não Direto
392;18/06/2022;3100;Produtor Não Direto
393;23/06/2022;2800;Produtor Não Direto
394;25/05/2022;1708;Emalhe Anilhado
395;26/05/2022;11500;Emalhe Anilhado
396;24/05/2022;2100;Emalhe Anilhado
397;02/06/2022;840;Emalhe Anilhado
398;24/05/2022;2240;Emalhe Anilhado
399;25/05/2022;1360;Emalhe Anilhado
400;03/06/2022;10660;Cerco/Traineira
401;10/06/2022;40100;Cerco/Traineira
402;23/05/2022;1460;Emalhe Anilhado
403;24/05/2022;1440;Emalhe Anilhado
404;04/05/2022;4780;Produtor Não Direto
405;24/05/2022;820;Produtor Não Direto
406;25/05/2022;23;Produtor Não Direto
407;29/06/2022;900;Produtor Direto
408;02/06/2022;1580;Emalhe Anilhado
409;24/05/2022;3420;Emalhe Anilhado
410;25/05/2022;2760;Produtor Direto
411;03/06/2022;1580;Emalhe Anilhado
412;18/06/2022;9874;Produtor Não Direto
413;27/06/2022;8565;Produtor Não Direto
414;07/07/2022;5081;Produtor Não Direto
415;11/07/2022;8235;Produtor Não Direto
416;16/07/2022;5040;Produtor Não Direto
417;20/07/2022;924;Produtor Não Direto
418;30/07/2022;1065;Produtor Não Direto
419;23/07/2022;2493;Produtor Não Direto
420;25/05/2022;400;Produtor Direto
421;25/05/2022;7960;Produtor Direto
422;26/05/2022;200;Produtor Direto
423;01/07/2022;600;Produtor Direto
424;03/06/2022;14280;Emalhe Anilhado
425;23/05/2022;1780;Produtor Direto
426;08/06/2022;1000;Produtor Direto
427;24/05/2022;2440;Produtor Direto
428;24/05/2022;7660;Emalhe Anilhado
429;26/05/2022;11820;Emalhe Anilhado
430;31/05/2022;3680;Emalhe Anilhado
431;02/06/2022;6600;Emalhe Anilhado
432;24/05/2022;932;Emalhe Anilhado
433;30/05/2022;8100;Emalhe Anilhado
434;07/06/2022;2000;Produtor Direto
435;26/05/2022;5000;Emalhe Anilhado
436;30/05/2022;17160;Produtor Direto
437;17/06/2022;23000;Emalhe Anilhado
438;26/05/2022;2591;Produtor Direto
439;23/05/2022;760;Produtor Não Direto
440;24/05/2022;1480;Emalhe Anilhado
441;09/06/2022;8020;Produtor Direto
442;26/05/2022;1757;Produtor Direto
443;02/06/2022;5740;Emalhe Anilhado
444;02/06/2022;11560;Produtor Direto
445;03/06/2022;1840;Produtor Direto
446;15/06/2022;7000;Produtor Direto
447;27/06/2022;1120;Produtor Direto
448;02/06/2022;1100;Emalhe Anilhado
449;06/06/2022;6940;Produtor Direto
450;02/06/2022;10060;Emalhe Anilhado
451;31/05/2022;18800;Produtor Direto
452;06/06/2022;5040;Produtor Direto
453;09/03/2022;5560;Produtor Não Direto
454;02/05/2022;13860;Produtor Não Direto
455;25/05/2022;7060;Produtor Direto
0;15/05/2023;2866;Produtor Direto
1;15/05/2023;765;Produtor Direto
2;15/05/2023;1038;Produtor Direto
3;12/05/2023;3030;Produtor Direto
4;12/05/2023;764;Produtor Direto
5;12/05/2023;916;Produtor Direto
6;12/05/2023;1435;Produtor Direto
7;11/05/2023;2520;Produtor Direto
8;11/05/2023;3988;Produtor Direto
9;11/05/2023;4270;Produtor Direto
10;10/05/2023;810;Produtor Direto
11;10/05/2023;890;Produtor Direto
12;09/05/2023;810;Produtor Direto
13;09/05/2023;3070;Produtor Direto
14;08/05/2023;4120;Produtor Direto
15;08/05/2023;707;Produtor Direto
16;08/05/2023;886;Produtor Direto
17;08/05/2023;1135;Produtor Direto
18;08/05/2023;1240;Produtor Direto
19;06/05/2023;913;Produtor Direto
20;06/05/2023;540;Produtor Direto
21;04/05/2023;258;Produtor Direto
22;04/05/2023;1794;Produtor Direto
23;02/05/2023;692;Produtor Direto
24;02/05/2023;2720;Produtor Direto
25;02/05/2023;1065;Produtor Direto
26;02/05/2023;3290;Produtor Direto
27;02/05/2023;2400;Produtor Direto
28;02/05/2023;2420;Produtor Direto
29;29/04/2023;2020;Produtor Direto
30;29/04/2023;3020;Produtor Direto
31;29/04/2023;3080;Produtor Direto
32;17/05/2023;4427;Produtor Direto
33;17/05/2023;1136;Produtor Direto
34;17/05/2023;625;Produtor Direto
35;17/05/2023;707;Produtor Direto
36;28/04/2023;110;Produtor Direto
37;28/04/2023;3735;Produtor Direto
38;27/04/2023;1835;Produtor Direto
39;27/04/2023;2330;Produtor Direto
40;26/04/2023;1985;Produtor Direto
41;26/04/2023;2100;Produtor Direto
42;26/04/2023;1075;Produtor Direto
43;24/04/2023;267;Produtor Direto
44;24/04/2023;392;Produtor Direto
45;21/04/2023;489;Produtor Direto
46;21/04/2023;2784;Produtor Direto
47;19/04/2023;202;Produtor Direto
48;19/04/2023;605;Produtor Direto
49;18/04/2023;1060;Produtor Direto
50;18/04/2023;2530;Produtor Direto
51;17/04/2023;280;Produtor Direto
52;17/04/2023;3047;Produtor Direto
53;19/05/2023;666;Produtor Direto
54;19/05/2023;405;Produtor Direto
55;17/04/2023;1900;Produtor Direto
56;17/04/2023;1745;Produtor Direto
57;14/04/2023;260;Produtor Direto
58;12/04/2023;2460;Produtor Direto
59;12/04/2023;3875;Produtor Direto
60;12/04/2023;1545;Produtor Direto
61;12/04/2023;613;Produtor Direto
62;10/04/2023;175;Produtor Direto
63;10/04/2023;111;Produtor Direto
64;05/04/2023;2895;Produtor Direto
65;05/04/2023;2970;Produtor Direto
66;05/04/2023;3810;Produtor Direto
67;04/04/2023;1260;Produtor Direto
68;03/04/2023;386;Produtor Direto
69;03/04/2023;3863;Produtor Direto
70;01/04/2023;868;Produtor Direto
71;31/03/2023;3100;Produtor Direto
72;31/03/2023;3200;Produtor Direto
73;19/05/2023;480;Produtor Direto
74;22/05/2023;1062;Produtor Direto
75;31/03/2023;2316;Produtor Direto
76;31/03/2023;2609;Produtor Direto
77;30/03/2023;1783;Produtor Direto
78;30/03/2023;2370;Produtor Direto
79;30/03/2023;2233;Produtor Direto
80;29/03/2023;2422;Produtor Direto
81;28/03/2023;1072;Produtor Direto
82;28/03/2023;489;Produtor Direto
83;25/03/2023;2814;Produtor Direto
84;22/03/2023;1798;Produtor Direto
85;21/03/2023;2240;Produtor Direto
86;21/03/2023;3320;Produtor Direto
87;21/03/2023;2050;Produtor Direto
88;21/03/2023;2560;Produtor Direto
89;21/03/2023;2980;Produtor Direto
90;21/03/2023;1021;Produtor Direto
91;20/03/2023;300;Produtor Direto
92;18/03/2023;2087;Produtor Direto
93;18/03/2023;1118;Produtor Direto
94;18/03/2023;2300;Produtor Direto
95;18/03/2023;506;Produtor Direto
96;15/03/2023;242;Produtor Direto
97;13/03/2023;2345;Produtor Direto
98;23/05/2023;1286;Produtor Direto
99;23/05/2023;1230;Produtor Direto
100;13/03/2023;2037;Produtor Direto
101;13/03/2023;1735;Produtor Direto
102;13/03/2023;3620;Produtor Direto
103;11/03/2023;1983;Produtor Direto
104;11/03/2023;3955;Produtor Direto
105;11/03/2023;2602;Produtor Direto
106;11/03/2023;5168;Produtor Direto
107;09/03/2023;926;Produtor Direto
108;06/03/2023;3068;Produtor Direto
109;06/03/2023;1760;Produtor Direto
110;06/03/2023;890;Produtor Direto
111;06/03/2023;3620;Produtor Direto
112;06/03/2023;2078;Produtor Direto
113;24/05/2023;528;Produtor Direto
114;24/05/2023;792;Produtor Direto
115;24/05/2023;1572;Produtor Direto
116;24/05/2023;5135;Produtor Direto
117;24/05/2023;3973;Produtor Direto
118;06/03/2023;920;Produtor Direto
119;06/03/2023;751;Produtor Direto
120;03/03/2023;3650;Produtor Direto
121;03/03/2023;3558;Produtor Direto
122;03/03/2023;2578;Produtor Direto
123;03/03/2023;1085;Produtor Direto
124;03/03/2023;1360;Produtor Direto
125;01/03/2023;745;Produtor Direto
126;01/03/2023;2635;Produtor Direto
127;01/03/2023;2497;Produtor Direto
128;24/05/2023;760;Produtor Direto
129;24/05/2023;712;Produtor Direto
130;25/05/2023;1066;Produtor Direto
131;25/05/2023;1138;Produtor Direto
132;25/05/2023;827;Produtor Direto
133;25/05/2023;710;Produtor Direto
134;26/05/2023;649;Produtor Direto
135;26/05/2023;5760;Produtor Direto
136;26/05/2023;795;Produtor Direto
137;26/05/2023;4120;Produtor Direto
138;26/05/2023;2610;Produtor Direto
139;25/02/2023;1322;Produtor Direto
140;25/02/2023;1280;Produtor Direto
141;25/02/2023;1310;Produtor Direto
142;25/02/2023;1065;Produtor Direto
143;25/02/2023;6440;Produtor Direto
144;25/02/2023;2592;Produtor Direto
145;23/02/2023;1657;Produtor Direto
146;23/02/2023;1145;Produtor Direto
147;23/02/2023;2550;Produtor Direto
148;22/02/2023;694;Produtor Direto
149;22/02/2023;601;Produtor Direto
150;20/02/2023;390;Produtor Direto
151;16/02/2023;2960;Produtor Direto
152;16/02/2023;4330;Produtor Direto
153;16/02/2023;4130;Produtor Direto
154;13/02/2023;572;Produtor Direto
155;13/02/2023;3380;Produtor Direto
156;13/02/2023;2800;Produtor Direto
157;11/02/2023;1269;Produtor Direto
158;11/02/2023;1820;Produtor Direto
159;09/02/2023;1993;Produtor Direto
160;07/02/2023;547;Produtor Direto
161;07/02/2023;2512;Produtor Direto
162;03/02/2023;349;Produtor Direto
163;31/01/2023;925;Produtor Direto
164;27/01/2023;1053;Produtor Direto
165;27/01/2023;1096;Produtor Direto
166;27/01/2023;1925;Produtor Direto
167;27/01/2023;1986;Produtor Direto
168;26/01/2023;3280;Produtor Direto
169;26/01/2023;902;Produtor Direto
170;25/01/2023;165;Produtor Direto
171;25/01/2023;970;Produtor Direto
172;25/01/2023;842;Produtor Direto
173;23/01/2023;2740;Produtor Direto
174;20/01/2023;1445;Produtor Direto
175;16/01/2023;740;Produtor Direto
176;14/01/2023;1800;Produtor Direto
177;16/01/2023;853;Produtor Direto
178;16/01/2023;970;Produtor Direto
179;16/01/2023;1370;Produtor Direto
180;16/01/2023;1240;Produtor Direto
181;16/01/2023;1737;Produtor Direto
182;16/01/2023;1850;Produtor Direto
183;06/01/2023;810;Produtor Direto
184;06/01/2023;1081;Produtor Direto
185;06/01/2023;1218;Produtor Direto
186;06/01/2023;1180;Produtor Direto
187;05/01/2023;280;Produtor Direto
188;02/10/2023;2215;Produtor Direto
189;02/10/2023;660;Produtor Direto
190;02/10/2023;865;Produtor Direto
191;03/10/2023;1221;Produtor Direto
192;04/10/2023;5250;Produtor Direto
193;04/10/2023;2650;Produtor Direto
194;04/10/2023;8710;Produtor Direto
195;04/10/2023;855;Produtor Direto
196;04/10/2023;2106;Produtor Direto
197;04/10/2023;870;Produtor Direto
198;05/10/2023;2124;Produtor Direto
199;05/10/2023;3710;Produtor Direto
200;06/10/2023;2518;Produtor Direto
201;06/10/2023;604;Produtor Direto
202;06/10/2023;798;Produtor Direto
203;06/10/2023;2879;Produtor Direto
204;09/10/2023;3606;Produtor Direto
205;09/10/2023;489;Produtor Direto
206;09/10/2023;2679;Produtor Direto
207;09/10/2023;1535;Produtor Direto
208;11/10/2023;660;Produtor Direto
209;11/10/2023;2577;Produtor Direto
210;20/01/2023;1760;Produtor Direto
211;19/05/2023;2000;Produtor Direto
212;22/05/2023;3200;Produtor Direto
213;22/05/2023;1800;Produtor Direto
214;22/05/2023;1600;Produtor Direto
215;24/05/2023;3824;Produtor Direto
216;24/05/2023;4620;Produtor Direto
217;24/05/2023;4380;Produtor Direto
218;02/06/2023;10000;Produtor Direto
219;02/06/2023;7840;Produtor Direto
220;02/06/2023;5820;Produtor Direto
221;03/06/2023;11880;Produtor Direto
222;03/06/2023;4540;Produtor Direto
223;05/06/2023;2140;Produtor Direto
224;05/06/2023;6000;Produtor Direto
225;05/06/2023;3000;Produtor Direto
226;05/06/2023;4400;Produtor Direto
227;06/06/2023;14000;Produtor Direto
228;07/06/2023;5400;Produtor Direto
229;07/06/2023;900;Produtor Direto
230;08/06/2023;4000;Produtor Direto
231;08/06/2023;1600;Produtor Direto
232;10/06/2023;7440;Produtor Direto
233;10/06/2023;3000;Produtor Direto
234;12/06/2023;13000;Produtor Direto
235;12/06/2023;2400;Produtor Direto
236;12/06/2023;3800;Produtor Direto
237;12/06/2023;3700;Produtor Direto
238;12/06/2023;1600;Produtor Direto
239;13/06/2023;4000;Produtor Direto
240;13/06/2023;3000;Produtor Direto
241;13/06/2023;3000;Produtor Direto
242;14/06/2023;3480;Produtor Direto
243;19/06/2023;6000;Produtor Direto
244;19/06/2023;6060;Produtor Direto
245;19/06/2023;9100;Produtor Direto
246;19/06/2023;1880;Produtor Direto
247;19/06/2023;14640;Produtor Direto
248;19/06/2023;4980;Produtor Direto
249;20/06/2023;10700;Produtor Direto
250;20/06/2023;3240;Produtor Direto
251;20/06/2023;2540;Produtor Direto
252;20/06/2023;2980;Produtor Direto
253;20/06/2023;2400;Produtor Direto
254;21/06/2023;2980;Produtor Direto
255;21/06/2023;712;Produtor Direto
256;21/06/2023;2180;Produtor Direto
257;21/06/2023;540;Produtor Direto
258;21/06/2023;1333;Produtor Direto
259;22/06/2023;9940;Produtor Direto
260;22/06/2023;3840;Produtor Direto
261;22/06/2023;5920;Produtor Direto
262;22/06/2023;2920;Produtor Direto
263;22/06/2023;2920;Produtor Direto
264;22/06/2023;1220;Produtor Direto
265;22/06/2023;480;Produtor Direto
266;22/06/2023;300;Produtor Direto
267;22/06/2023;4140;Produtor Direto
268;22/06/2023;4120;Produtor Direto
269;23/06/2023;3000;Produtor Direto
270;23/06/2023;10000;Produtor Direto
271;23/06/2023;4040;Produtor Direto
272;22/06/2023;2300;Produtor Direto
273;22/06/2023;1440;Produtor Direto
274;23/06/2023;5420;Produtor Direto
275;23/06/2023;3240;Produtor Direto
276;23/06/2023;4020;Produtor Direto
277;23/06/2023;5000;Produtor Direto
278;23/06/2023;4000;Produtor Direto
279;23/06/2023;2600;Produtor Direto
280;23/06/2023;14800;Produtor Direto
281;24/06/2023;3440;Produtor Direto
282;26/06/2023;13000;Produtor Direto
283;26/06/2023;4080;Produtor Direto
284;26/06/2023;691;Produtor Direto
285;26/06/2023;1700;Produtor Direto
286;26/06/2023;4188;Produtor Direto
287;26/06/2023;1037;Produtor Direto
288;26/06/2023;1673;Produtor Direto
289;26/06/2023;1380;Produtor Direto
290;26/06/2023;2200;Produtor Direto
291;26/06/2023;5160;Produtor Direto
292;26/06/2023;5315;Produtor Direto
293;26/06/2023;1160;Produtor Direto
294;28/06/2023;980;Produtor Direto
295;28/06/2023;4840;Produtor Direto
296;28/06/2023;9020;Produtor Direto
297;29/06/2023;6040;Produtor Direto
298;29/06/2023;9000;Produtor Direto
299;29/06/2023;17620;Produtor Direto
300;29/06/2023;20000;Produtor Direto
301;29/06/2023;13500;Produtor Direto
302;30/06/2023;5440;Produtor Direto
303;30/06/2023;1090;Produtor Direto
304;30/06/2023;815;Produtor Direto
305;30/06/2023;4900;Produtor Direto
306;01/07/2023;715;Produtor Direto
307;01/07/2023;5033;Produtor Direto
308;01/07/2023;1160;Produtor Direto
309;01/07/2023;1220;Produtor Direto
310;01/07/2023;2200;Produtor Direto
311;01/07/2023;3890;Produtor Direto
312;01/07/2023;480;Produtor Direto
313;04/07/2023;4079;Produtor Direto
314;04/07/2023;4380;Produtor Direto
315;04/07/2023;1317;Produtor Direto
316;04/07/2023;5737;Produtor Direto
317;04/07/2023;1118;Produtor Direto
318;04/07/2023;3600;Produtor Direto
319;04/07/2023;10500;Produtor Direto
320;06/07/2023;2638;Produtor Direto
321;07/07/2023;1400;Produtor Direto
322;07/07/2023;3600;Produtor Direto
323;07/07/2023;9000;Produtor Direto
324;07/07/2023;3000;Produtor Direto
325;30/06/2023;5800;Produtor Direto
326;30/06/2023;5000;Produtor Direto
327;30/06/2023;5000;Produtor Direto
328;30/06/2023;5000;Produtor Direto
329;30/06/2023;5000;Produtor Direto
330;30/06/2023;4240;Produtor Direto
331;01/07/2023;2780;Produtor Direto
332;01/07/2023;2740;Produtor Direto
333;01/07/2023;2420;Produtor Direto
334;01/07/2023;860;Produtor Direto
335;01/07/2023;860;Produtor Direto
336;01/07/2023;2300;Produtor Direto
337;01/07/2023;6180;Produtor Direto
338;01/07/2023;1080;Produtor Direto
339;03/07/2023;580;Produtor Direto
340;04/07/2023;2800;Produtor Direto
341;05/07/2023;2840;Produtor Direto
342;05/07/2023;5860;Produtor Direto
343;06/07/2023;2240;Produtor Direto
344;07/07/2023;2400;Produtor Direto
345;12/07/2023;4280;Produtor Direto
346;12/07/2023;2340;Produtor Direto
347;12/07/2023;2560;Produtor Direto
348;12/07/2023;3600;Produtor Direto
349;13/07/2023;1360;Produtor Direto
350;14/07/2023;1260;Produtor Direto
351;14/07/2023;1140;Produtor Direto
352;12/05/2023;14880;Produtor Direto
353;18/05/2023;13940;Produtor Direto
354;26/05/2023;1440;Produtor Direto
355;01/06/2023;9440;Produtor Direto
356;03/06/2023;10000;Produtor Direto
357;04/06/2023;8940;Produtor Direto
358;07/06/2023;13000;Produtor Direto
359;07/06/2023;5000;Produtor Direto
360;08/06/2023;10000;Produtor Direto
361;08/06/2023;7280;Produtor Direto
362;09/06/2023;5300;Produtor Direto
363;12/06/2023;8660;Produtor Direto
364;13/06/2023;10960;Produtor Direto
365;13/06/2023;10160;Produtor Direto
366;21/06/2023;16840;Produtor Direto
367;22/06/2023;15700;Produtor Direto
368;22/06/2023;7100;Produtor Direto
369;23/06/2023;12400;Produtor Direto
370;27/06/2023;1300;Produtor Direto
371;27/06/2023;12800;Produtor Direto
372;30/06/2023;10500;Produtor Direto
373;03/07/2023;4000;Produtor Direto
374;03/07/2023;8000;Produtor Direto
375;03/07/2023;8000;Produtor Direto
376;06/07/2023;9700;Produtor Direto
377;17/07/2023;3600;Produtor Direto
378;17/07/2023;2280;Produtor Direto
379;17/07/2023;3000;Produtor Direto
380;19/06/2023;2300;Produtor Direto
381;20/06/2023;2100;Produtor Direto
382;21/06/2023;2000;Produtor Direto
383;21/06/2023;2800;Produtor Direto
384;21/06/2023;3420;Produtor Direto
385;21/06/2023;3880;Produtor Direto
386;21/06/2023;3760;Produtor Direto
387;22/06/2023;2980;Produtor Direto
388;22/06/2023;2020;Produtor Direto
389;22/06/2023;2200;Produtor Direto
390;22/06/2023;5840;Produtor Direto
391;22/06/2023;6000;Produtor Direto
392;22/06/2023;8000;Produtor Direto
393;22/06/2023;6060;Produtor Direto
394;23/06/2023;1300;Produtor Direto
395;23/06/2023;1700;Produtor Direto
396;23/06/2023;2360;Produtor Direto
397;23/06/2023;2400;Produtor Direto
398;24/06/2023;2600;Produtor Direto
399;24/06/2023;2440;Produtor Direto
400;24/06/2023;2040;Produtor Direto
401;24/06/2023;3960;Produtor Direto
402;24/06/2023;3280;Produtor Direto
403;24/06/2023;3660;Produtor Direto
404;25/06/2023;4220;Produtor Direto
405;24/06/2023;3180;Produtor Direto
406;25/06/2023;3820;Produtor Direto
407;25/06/2023;3900;Produtor Direto
408;25/06/2023;2100;Produtor Direto
409;26/06/2023;3820;Produtor Direto
410;26/06/2023;3340;Produtor Direto
411;26/06/2023;2140;Produtor Direto
412;26/06/2023;3880;Produtor Direto
413;27/06/2023;3900;Produtor Direto
414;27/06/2023;3600;Produtor Direto
415;27/06/2023;4400;Produtor Direto
416;27/06/2023;2990;Produtor Direto
417;27/06/2023;4200;Produtor Direto
418;27/06/2023;3380;Produtor Direto
419;27/06/2023;3260;Produtor Direto
420;27/06/2023;4560;Produtor Direto
421;02/07/2023;3680;Produtor Direto
422;02/07/2023;3740;Produtor Direto
423;02/07/2023;3460;Produtor Direto
424;02/07/2023;2180;Produtor Direto
425;02/07/2023;3200;Produtor Direto
426;02/07/2023;1760;Produtor Direto
427;02/07/2023;3880;Produtor Direto
428;03/07/2023;2400;Produtor Direto
429;03/07/2023;2260;Produtor Direto
430;07/07/2023;3660;Produtor Direto
431;07/07/2023;4460;Produtor Direto
432;07/07/2023;2440;Produtor Direto
433;07/07/2023;3880;Produtor Direto
434;08/07/2023;3400;Produtor Direto
435;08/07/2023;3980;Produtor Direto
436;08/07/2023;3580;Produtor Direto
437;11/07/2023;1243;Produtor Direto
438;11/07/2023;1896;Produtor Direto
439;11/07/2023;1717;Produtor Direto
440;11/07/2023;2028;Produtor Direto
441;13/07/2023;1800;Produtor Direto
442;14/07/2023;3080;Produtor Direto
443;14/07/2023;2280;Produtor Direto
444;14/07/2023;2880;Produtor Direto
445;14/07/2023;2660;Produtor Direto
446;07/07/2023;1800;Produtor Direto
447;08/07/2023;3760;Produtor Direto
448;08/07/2023;3840;Produtor Direto
449;27/07/2023;3340;Produtor Direto
450;27/07/2023;2980;Produtor Direto
451;27/07/2023;3280;Produtor Direto
452;28/07/2023;2360;Produtor Direto
453;28/07/2023;2180;Produtor Direto
454;28/07/2023;2440;Produtor Direto
455;03/05/2023;1200;Produtor Direto
456;16/05/2023;7000;Produtor Direto
457;16/05/2023;4000;Produtor Direto
458;17/05/2023;800;Produtor Direto
459;18/05/2023;1000;Produtor Direto
460;19/05/2023;920;Produtor Direto
461;03/06/2023;4960;Produtor Direto
462;06/06/2023;5500;Produtor Direto
463;09/06/2023;7360;Produtor Direto
464;12/06/2023;4000;Produtor Direto
465;18/06/2023;2080;Produtor Direto
466;19/06/2023;9800;Produtor Direto
467;19/06/2023;920;Produtor Direto
468;20/06/2023;6000;Produtor Direto
469;21/06/2023;2340;Produtor Direto
470;21/06/2023;2200;Produtor Direto
471;21/06/2023;2100;Produtor Direto
472;21/06/2023;5000;Produtor Direto
473;22/06/2023;3000;Produtor Direto
474;22/06/2023;14400;Produtor Direto
475;22/06/2023;17160;Produtor Direto
476;21/06/2023;1380;Produtor Direto
477;06/06/2023;16000;Produtor Direto
478;23/06/2023;4580;Produtor Direto
479;23/06/2023;4060;Produtor Direto
480;22/06/2023;3000;Produtor Direto
481;23/06/2023;8700;Produtor Direto
482;23/06/2023;2000;Produtor Direto
483;23/06/2023;8000;Produtor Direto
484;26/06/2023;4340;Produtor Direto
485;27/06/2023;2900;Produtor Direto
486;27/06/2023;4900;Produtor Direto
487;27/06/2023;5120;Produtor Direto
488;27/06/2023;9600;Produtor Direto
489;27/06/2023;12800;Produtor Direto
490;25/06/2023;1000;Produtor Direto
491;28/06/2023;5300;Produtor Direto
492;15/05/2023;300;Produtor Direto
493;25/06/2023;1340;Produtor Direto
494;29/06/2023;5000;Produtor Direto
495;04/07/2023;7200;Produtor Direto
496;04/07/2023;8100;Produtor Direto
497;10/07/2023;2274;Produtor Direto
498;14/07/2023;4000;Produtor Direto
499;13/07/2023;921;Produtor Direto
500;04/07/2023;1100;Produtor Direto
501;08/08/2023;2000;Produtor Direto
502;02/05/2023;1000;Produtor Direto
503;03/04/2023;180;Produtor Direto
504;29/05/2023;0;Produtor Direto
505;19/04/2023;500;Produtor Direto
506;;630819;Emalhe Anilhado
507;22/05/2023;1180;Produtor Direto
508;06/03/2023;13200;Produtor Não Direto
509;14/03/2023;18460;Produtor Não Direto
510;27/03/2023;18000;Produtor Não Direto
511;27/03/2023;4000;Produtor Não Direto
512;27/03/2023;8000;Produtor Não Direto
513;28/03/2023;3000;Produtor Não Direto
514;04/04/2023;10960;Produtor Não Direto
515;14/04/2023;4000;Produtor Não Direto
516;16/04/2023;24000;Produtor Não Direto
517;17/04/2023;11960;Produtor Não Direto
518;17/04/2023;2800;Produtor Não Direto
519;17/04/2023;8600;Produtor Não Direto
520;19/04/2023;3000;Produtor Não Direto
521;19/04/2023;6000;Produtor Não Direto
522;19/04/2023;7300;Produtor Não Direto
523;19/04/2023;3200;Produtor Não Direto
524;20/04/2023;8400;Produtor Não Direto
525;21/04/2023;2000;Produtor Não Direto
526;21/04/2023;11000;Produtor Não Direto
527;21/04/2023;8000;Produtor Não Direto
528;22/04/2023;4160;Produtor Não Direto
529;22/04/2023;8100;Produtor Não Direto
530;22/04/2023;11020;Produtor Não Direto
531;22/04/2023;19140;Produtor Não Direto
532;22/04/2023;14320;Produtor Não Direto
533;23/04/2023;17520;Produtor Não Direto
534;23/04/2023;16000;Produtor Não Direto
535;24/04/2023;11720;Produtor Não Direto
536;24/04/2023;6800;Produtor Não Direto
537;24/04/2023;14060;Produtor Não Direto
538;25/04/2023;11780;Produtor Não Direto
539;25/04/2023;4420;Produtor Não Direto
540;25/04/2023;1380;Produtor Não Direto
541;25/04/2023;1500;Produtor Não Direto
542;25/04/2023;880;Produtor Não Direto
543;25/04/2023;1720;Produtor Não Direto
544;25/04/2023;1680;Produtor Não Direto
545;25/04/2023;780;Produtor Não Direto
546;25/04/2023;3300;Produtor Não Direto
547;25/04/2023;3420;Produtor Não Direto
548;27/04/2023;1960;Produtor Não Direto
549;02/05/2023;2600;Produtor Não Direto
550;11/05/2023;8000;Produtor Não Direto
551;11/05/2023;5400;Produtor Não Direto
552;11/05/2023;5100;Produtor Não Direto
553;11/05/2023;1300;Produtor Não Direto
554;11/05/2023;1200;Produtor Não Direto
555;12/05/2023;17160;Produtor Não Direto
556;12/05/2023;2960;Produtor Não Direto
557;12/05/2023;20000;Produtor Não Direto
558;15/05/2023;7500;Produtor Não Direto
559;11/05/2023;2000;Produtor Não Direto
560;17/05/2023;3960;Produtor Não Direto
561;21/05/2023;6000;Produtor Não Direto
562;22/05/2023;1700;Produtor Não Direto
563;24/05/2023;800;Produtor Não Direto
564;25/05/2023;1400;Produtor Não Direto
565;29/05/2023;0;Produtor Não Direto
566;30/05/2023;6160;Produtor Não Direto
567;29/05/2023;5000;Produtor Não Direto
568;29/05/2023;400;Produtor Não Direto
569;01/06/2023;8680;Produtor Não Direto
570;06/06/2023;3000;Produtor Não Direto
571;05/06/2023;14000;Produtor Não Direto
572;06/06/2023;16000;Produtor Não Direto
573;06/06/2023;14660;Produtor Não Direto
574;07/06/2023;14000;Produtor Não Direto
575;07/06/2023;27000;Produtor Não Direto
576;07/06/2023;6000;Produtor Não Direto
577;07/06/2023;12000;Produtor Não Direto
578;07/06/2023;6000;Produtor Não Direto
579;09/06/2023;14000;Produtor Não Direto
580;23/05/2023;380;Produtor Não Direto
581;27/05/2023;171;Produtor Não Direto
582;30/05/2023;525;Produtor Não Direto
583;13/06/2023;2440;Produtor Não Direto
584;12/06/2023;11200;Produtor Não Direto
585;13/06/2023;1000;Produtor Não Direto
586;15/06/2023;2400;Produtor Não Direto
587;15/06/2023;2000;Produtor Não Direto
588;15/06/2023;960;Produtor Não Direto
589;17/06/2023;2678;Produtor Não Direto
590;19/06/2023;3000;Produtor Não Direto
591;21/06/2023;10000;Produtor Não Direto
592;21/06/2023;9000;Produtor Não Direto
593;21/06/2023;1900;Produtor Não Direto
594;08/06/2023;11058;Produtor Não Direto
595;09/06/2023;6000;Produtor Não Direto
596;09/06/2023;17000;Produtor Não Direto
597;21/06/2023;4000;Produtor Não Direto
598;23/06/2023;5000;Produtor Não Direto
599;27/06/2023;9660;Produtor Não Direto
600;28/06/2023;3720;Produtor Não Direto
601;23/06/2023;10000;Produtor Não Direto
602;28/06/2023;4240;Produtor Não Direto
603;28/06/2023;799;Produtor Não Direto
604;28/06/2023;870;Produtor Não Direto
605;03/07/2023;8285;Produtor Não Direto
606;03/07/2023;10000;Produtor Não Direto
607;29/06/2023;9980;Produtor Não Direto
608;28/06/2023;10000;Produtor Não Direto
609;04/07/2023;1080;Produtor Não Direto
610;05/07/2023;3560;Produtor Não Direto
611;10/07/2023;4360;Produtor Não Direto
612;11/07/2023;1000;Produtor Não Direto
613;11/07/2023;9285;Produtor Não Direto
614;14/07/2023;2042;Produtor Não Direto
615;12/07/2023;9000;Produtor Não Direto
616;13/07/2023;6740;Produtor Não Direto
617;12/07/2023;5149;Produtor Não Direto
618;13/07/2023;3152;Produtor Não Direto
619;15/07/2023;1996;Produtor Não Direto
620;15/07/2023;2178;Produtor Não Direto
621;15/07/2023;3069;Produtor Não Direto
622;15/07/2023;4000;Produtor Não Direto
623;17/07/2023;1147;Produtor Não Direto
624;17/07/2023;969;Produtor Não Direto
625;17/07/2023;1075;Produtor Não Direto
626;18/07/2023;1575;Produtor Não Direto
627;20/07/2023;986;Produtor Não Direto
628;24/07/2023;1320;Produtor Não Direto
629;25/07/2023;7830;Produtor Não Direto
630;27/07/2023;1920;Produtor Não Direto
631;27/07/2023;3280;Produtor Não Direto
632;28/07/2023;1786;Produtor Não Direto
633;26/07/2023;2000;Produtor Não Direto
634;27/07/2023;1000;Produtor Não Direto
635;28/07/2023;980;Produtor Não Direto
636;12/06/2023;1000;Produtor Não Direto
637;20/06/2023;2933;Produtor Não Direto
638;01/08/2023;9375;Produtor Não Direto
639;01/08/2023;980;Produtor Não Direto
640;31/07/2023;980;Produtor Não Direto
641;21/06/2023;4520;Produtor Não Direto
642;05/06/2023;6920;Produtor Não Direto
643;27/06/2023;600;Produtor Não Direto
644;03/08/2023;980;Produtor Não Direto
645;07/08/2023;12180;Produtor Não Direto
646;09/08/2023;0;Produtor Não Direto
647;10/08/2023;1365;Produtor Não Direto
648;08/08/2023;2840;Produtor Não Direto
649;15/08/2023;0;Produtor Não Direto
650;16/08/2023;1215;Produtor Não Direto
651;14/08/2023;980;Produtor Não Direto
652;21/08/2023;4635;Produtor Não Direto
653;23/08/2023;1744;Produtor Não Direto
654;23/08/2023;600;Produtor Não Direto
655;24/08/2023;940;Produtor Não Direto
656;25/08/2023;980;Produtor Não Direto
657;28/08/2023;4134;Produtor Não Direto
658;28/08/2023;1000;Produtor Não Direto
659;31/08/2023;1905;Produtor Não Direto
660;31/08/2023;380;Produtor Não Direto
661;05/09/2023;0;Produtor Não Direto
662;06/09/2023;750;Produtor Não Direto
663;04/09/2023;1000;Produtor Não Direto
664;08/09/2023;0;Produtor Não Direto
665;12/09/2023;1080;Produtor Não Direto
666;14/09/2023;2171;Produtor Não Direto
667;12/09/2023;700;Produtor Não Direto
668;13/09/2023;680;Produtor Não Direto
669;18/09/2023;1025;Produtor Não Direto
670;18/09/2023;900;Produtor Não Direto
671;02/10/2023;2850;Produtor Não Direto
672;19/09/2023;480;Produtor Não Direto
673;21/09/2023;1627;Produtor Não Direto
674;25/09/2023;1800;Produtor Não Direto
675;28/09/2023;1687;Produtor Não Direto
676;04/10/2023;973;Produtor Não Direto
677;09/10/2023;970;Produtor Não Direto
678;10/10/2023;5300;Produtor Não Direto
679;16/10/2023;1460;Produtor Não Direto
680;;;Produtor Não Direto
681;01/03/2023;;Produtor Não Direto
682;30/06/2023;10500;Produtor Não Direto
683;03/07/2023;3680;Produtor Não Direto
684;03/07/2023;3200;Produtor Não Direto
685;23/06/2023;2400;Produtor Não Direto
686;24/06/2023;3960;Produtor Não Direto
687;25/06/2023;4220;Produtor Não Direto
688;25/06/2023;3820;Produtor Não Direto
689;25/06/2023;3660;Produtor Não Direto
690;26/06/2023;2140;Produtor Não Direto
691;27/06/2023;3900;Produtor Não Direto
692;27/06/2023;3600;Produtor Não Direto
693;27/06/2023;4200;Produtor Não Direto
694;27/06/2023;3380;Produtor Não Direto
695;27/06/2023;4560;Produtor Não Direto
696;27/06/2023;12800;Produtor Não Direto
697;03/07/2023;2180;Produtor Não Direto
698;07/07/2023;1800;Produtor Não Direto
699;08/07/2023;3840;Produtor Não Direto
700;08/07/2023;3580;Produtor Não Direto
701;14/07/2023;3080;Produtor Não Direto
702;17/07/2023;2280;Produtor Não Direto
703;17/07/2023;3000;Produtor Não Direto
704;12/05/2023;14880;Produtor Não Direto
705;17/05/2023;4360;Produtor Não Direto
706;17/05/2023;13940;Produtor Não Direto
707;26/05/2023;1440;Produtor Não Direto
708;01/06/2023;9440;Produtor Não Direto
709;03/06/2023;10000;Produtor Não Direto
710;05/06/2023;8940;Produtor Não Direto
711;07/06/2023;13000;Produtor Não Direto
712;08/06/2023;5000;Produtor Não Direto
713;08/06/2023;10000;Produtor Não Direto
714;08/06/2023;7280;Produtor Não Direto
715;09/06/2023;5300;Produtor Não Direto
716;12/06/2023;8660;Produtor Não Direto
717;13/06/2023;10960;Produtor Não Direto
718;13/06/2023;10160;Produtor Não Direto
719;20/06/2023;2300;Produtor Não Direto
720;20/06/2023;2100;Produtor Não Direto
721;20/06/2023;2000;Produtor Não Direto
722;20/06/2023;2800;Produtor Não Direto
723;21/06/2023;3420;Produtor Não Direto
724;21/06/2023;3880;Produtor Não Direto
725;21/06/2023;3760;Produtor Não Direto
726;21/06/2023;16840;Produtor Não Direto
727;22/06/2023;2980;Produtor Não Direto
728;22/06/2023;2020;Produtor Não Direto
729;22/06/2023;2200;Produtor Não Direto
730;22/06/2023;6000;Produtor Não Direto
731;22/06/2023;8000;Produtor Não Direto
732;22/06/2023;15700;Produtor Não Direto
733;22/06/2023;7100;Produtor Não Direto
734;22/06/2023;6060;Produtor Não Direto
735;22/06/2023;5840;Produtor Não Direto
736;23/06/2023;1300;Produtor Não Direto
737;23/06/2023;1700;Produtor Não Direto
738;23/06/2023;2360;Produtor Não Direto
739;23/06/2023;12400;Produtor Não Direto
740;24/06/2023;2600;Produtor Não Direto
741;24/06/2023;2440;Produtor Não Direto
742;24/06/2023;2040;Produtor Não Direto
743;25/06/2023;3280;Produtor Não Direto
744;25/06/2023;3180;Produtor Não Direto
745;25/06/2023;3900;Produtor Não Direto
746;25/06/2023;2100;Produtor Não Direto
747;26/06/2023;3820;Produtor Não Direto
748;26/06/2023;3340;Produtor Não Direto
749;26/06/2023;3880;Produtor Não Direto
750;27/06/2023;4400;Produtor Não Direto
751;27/06/2023;2990;Produtor Não Direto
752;27/06/2023;3260;Produtor Não Direto
753;27/06/2023;1300;Produtor Não Direto
754;03/07/2023;1760;Produtor Não Direto
755;03/07/2023;3880;Produtor Não Direto
756;03/07/2023;3740;Produtor Não Direto
757;03/07/2023;3460;Produtor Não Direto
758;03/07/2023;4000;Produtor Não Direto
759;03/07/2023;8000;Produtor Não Direto
760;03/07/2023;8000;Produtor Não Direto
761;03/07/2023;2400;Produtor Não Direto
762;03/07/2023;2260;Produtor Não Direto
763;05/07/2023;12480;Produtor Não Direto
764;06/07/2023;9700;Produtor Não Direto
765;07/07/2023;3660;Produtor Não Direto
766;07/07/2023;4460;Produtor Não Direto
767;07/07/2023;2440;Produtor Não Direto
768;07/07/2023;3880;Produtor Não Direto
769;08/07/2023;3400;Produtor Não Direto
770;08/07/2023;3980;Produtor Não Direto
771;08/07/2023;3760;Produtor Não Direto
772;14/07/2023;1800;Produtor Não Direto
773;14/07/2023;2280;Produtor Não Direto
774;14/07/2023;2880;Produtor Não Direto
775;14/07/2023;2660;Produtor Não Direto
776;17/07/2023;3600;Produtor Não Direto
777;27/07/2023;3340;Produtor Não Direto
778;27/07/2023;2980;Produtor Não Direto
779;28/07/2023;2360;Produtor Não Direto
780;28/07/2023;2180;Produtor Não Direto
781;28/07/2023;2440;Produtor Não Direto
782;15/05/2023;9280;Produtor Não Direto
783;11/06/2023;1000;Produtor Direto
784;10/03/2023;427;Produtor Direto
785;10/07/2023;12410;Produtor Não Direto
786;20/06/2023;1310;Produtor Direto
787;04/07/2023;798;Produtor Direto
788;13/04/2023;450;Produtor Direto
789;20/04/2023;96;Produtor Direto
790;23/03/2023;180;Produtor Direto
791;17/05/2023;300;Produtor Direto
792;08/09/2023;100;Produtor Direto
793;11/05/2023;505;Produtor Direto
794;20/04/2023;70;Produtor Direto
795;16/05/2023;1064;Produtor Direto
796;23/03/2023;116;Produtor Direto
797;09/05/2023;470;Produtor Direto
798;22/06/2023;4000;Produtor Direto
799;23/03/2023;400;Produtor Direto
800;02/05/2023;769;Produtor Direto
801;27/02/2023;1200;Produtor Direto
802;15/05/2023;1600;Produtor Não Direto
803;04/04/2023;115;Produtor Direto
804;05/05/2023;195;Produtor Direto
805;04/05/2023;262;Produtor Direto
806;28/04/2023;14700;Produtor Não Direto
807;26/04/2023;546;Produtor Direto
808;24/04/2023;734;Produtor Direto
809;19/05/2023;6600;Produtor Direto
810;15/02/2023;1180;Produtor Direto
811;17/05/2023;7920;Produtor Direto
812;18/04/2023;92;Produtor Direto
813;29/05/2023;900;Produtor Direto
814;01/09/2023;80;Produtor Direto
815;27/04/2023;304;Produtor Direto
816;20/03/2023;203;Produtor Direto
817;10/04/2023;244;Produtor Direto
818;28/03/2023;100;Produtor Direto
819;28/04/2023;100;Produtor Direto
820;08/07/2023;2180;Produtor Direto
821;02/05/2023;168;Produtor Direto
822;26/01/2023;132;Produtor Direto
823;12/05/2023;6720;Produtor Direto
824;21/03/2023;700;Produtor Direto
0;03/05/2024;3670;Produtor Direto
1;03/05/2024;467;Produtor Direto
2;03/05/2024;858;Produtor Direto
3;03/05/2024;140;Produtor Direto
4;06/04/2024;560;Produtor Direto
5;06/04/2024;3620;Produtor Direto
6;06/04/2024;2815;Produtor Direto
7;06/04/2024;2565;Produtor Direto
8;06/04/2024;2775;Produtor Direto
9;06/04/2024;965;Produtor Direto
10;08/04/2024;2110;Produtor Direto
11;08/04/2024;4050;Produtor Direto
12;08/04/2024;920;Produtor Direto
13;08/04/2024;1655;Produtor Direto
14;10/04/2024;785;Produtor Direto
15;10/04/2024;1867;Produtor Direto
16;12/04/2024;2697;Produtor Direto
17;12/04/2024;3394;Produtor Direto
18;12/04/2024;3515;Produtor Direto
19;12/04/2024;3160;Produtor Direto
20;12/04/2024;1655;Produtor Direto
21;17/04/2024;2650;Produtor Direto
22;17/04/2024;2190;Produtor Direto
23;18/04/2024;250;Produtor Direto
24;19/04/2024;2500;Produtor Direto
25;22/04/2024;3640;Produtor Direto
26;22/04/2024;2985;Produtor Direto
27;22/04/2024;470;Produtor Direto
28;22/04/2024;1868;Produtor Direto
29;23/04/2024;1457;Produtor Direto
30;23/04/2024;720;Produtor Direto
31;25/04/2024;7496;Produtor Direto
32;25/04/2024;2368;Produtor Direto
33;27/04/2024;815;Produtor Direto
34;27/04/2024;2740;Produtor Direto
35;27/04/2024;2494;Produtor Direto
36;27/04/2024;2963;Produtor Direto
37;30/04/2024;4270;Produtor Direto
38;30/04/2024;1830;Produtor Direto
39;30/04/2024;2108;Produtor Direto
40;30/04/2024;2490;Produtor Direto
41;30/04/2024;1580;Produtor Direto
42;30/04/2024;550;Produtor Direto
43;27/03/2024;3218;Produtor Direto
44;27/03/2024;3577;Produtor Direto
45;26/03/2024;1624;Produtor Direto
46;26/03/2024;860;Produtor Direto
47;26/03/2024;520;Produtor Direto
48;23/03/2024;2720;Produtor Direto
49;23/03/2024;520;Produtor Direto
50;20/03/2024;3510;Produtor Direto
51;20/03/2024;1879;Produtor Direto
52;20/03/2024;4640;Produtor Direto
53;19/03/2024;1375;Produtor Direto
54;19/03/2024;518;Produtor Direto
55;15/03/2024;1174;Produtor Direto
56;15/03/2024;860;Produtor Direto
57;15/03/2024;4500;Produtor Direto
58;15/03/2024;1820;Produtor Direto
59;15/03/2024;2000;Produtor Direto
60;15/03/2024;3980;Produtor Direto
61;13/03/2024;3820;Produtor Direto
62;07/03/2024;792;Produtor Direto
63;05/03/2024;3020;Produtor Direto
64;05/03/2024;3100;Produtor Direto
65;04/03/2024;3160;Produtor Direto
66;04/03/2024;3060;Produtor Direto
67;02/03/2024;3101;Produtor Direto
68;02/03/2024;1203;Produtor Direto
69;02/03/2024;2915;Produtor Direto
70;29/02/2024;375;Produtor Direto
71;29/02/2024;400;Produtor Direto
72;26/02/2024;175;Produtor Direto
73;22/02/2024;3610;Produtor Direto
74;22/02/2024;3830;Produtor Direto
75;22/02/2024;1770;Produtor Direto
76;23/02/2024;2500;Produtor Direto
77;23/02/2024;2880;Produtor Direto
78;19/02/2024;18;Produtor Direto
79;19/02/2024;12;Produtor Direto
80;19/02/2024;30;Produtor Direto
81;16/02/2024;2650;Produtor Direto
82;16/02/2024;2350;Produtor Direto
83;07/02/2024;627;Produtor Direto
84;30/01/2024;362;Produtor Direto
85;30/01/2024;257;Produtor Direto
86;27/01/2024;152;Produtor Direto
87;27/01/2024;176;Produtor Direto
88;24/01/2024;96;Produtor Direto
89;24/01/2024;170;Produtor Direto
90;24/01/2024;142;Produtor Direto
91;22/01/2024;3039;Produtor Direto
92;16/01/2024;87;Produtor Direto
93;15/01/2024;909;Produtor Direto
94;15/01/2024;1069;Produtor Direto
95;13/01/2024;400;Produtor Direto
96;11/01/2024;158;Produtor Direto
97;10/01/2024;495;Produtor Direto
98;10/01/2024;385;Produtor Direto
99;02/01/2024;142;Produtor Direto
100;21/05/2024;1980;Produtor Direto
101;21/05/2024;5480;Produtor Direto
102;21/05/2024;7580;Produtor Direto
103;24/05/2024;2440;Produtor Direto
104;24/05/2024;3720;Produtor Direto
105;24/05/2024;2720;Produtor Direto
106;24/05/2024;920;Produtor Direto
107;28/05/2024;2540;Produtor Direto
108;31/05/2024;15780;Produtor Direto
109;31/05/2024;15240;Produtor Direto
110;31/05/2024;5600;Produtor Direto
111;31/05/2024;5540;Produtor Direto
112;31/05/2024;6040;Produtor Direto
113;01/06/2024;4500;Produtor Direto
114;01/06/2024;4000;Produtor Direto
115;01/06/2024;5200;Produtor Direto
116;01/06/2024;5260;Produtor Direto
117;01/06/2024;4200;Produtor Direto
118;01/06/2024;5840;Produtor Direto
119;01/06/2024;14000;Produtor Direto
120;01/06/2024;19000;Produtor Direto
121;02/06/2024;15000;Produtor Direto
122;02/06/2024;4900;Produtor Direto
123;02/06/2024;5460;Produtor Direto
124;02/06/2024;5400;Produtor Direto
125;02/06/2024;4340;Produtor Direto
126;02/06/2024;5960;Produtor Direto
127;03/06/2024;10800;Produtor Direto
128;03/06/2024;6440;Produtor Direto
129;03/06/2024;6000;Produtor Direto
130;03/06/2024;4100;Produtor Direto
131;03/06/2024;1240;Produtor Direto
132;03/06/2024;4300;Produtor Direto
133;03/06/2024;3860;Produtor Direto
134;04/06/2024;750;Produtor Direto
135;04/06/2024;19000;Produtor Direto
136;04/06/2024;14820;Produtor Direto
137;05/06/2024;17000;Produtor Direto
138;05/06/2024;16940;Produtor Direto
139;05/04/2024;24400;Produtor Direto
140;06/06/2024;10840;Produtor Direto
141;07/06/2024;4250;Produtor Direto
142;07/06/2024;6200;Produtor Direto
143;11/06/2024;2900;Produtor Direto
144;10/06/2024;6000;Produtor Direto
145;10/06/2024;4960;Produtor Direto
146;10/06/2024;1500;Produtor Direto
147;10/06/2024;13600;Produtor Direto
148;10/06/2024;14000;Produtor Direto
149;10/06/2024;10000;Produtor Direto
150;11/06/2024;4220;Produtor Direto
151;11/06/2024;14960;Produtor Direto
152;12/06/2024;3180;Produtor Direto
153;13/06/2024;20220;Produtor Direto
154;13/06/2024;1920;Produtor Direto
155;13/06/2024;4800;Produtor Direto
156;13/06/2024;6460;Produtor Direto
157;14/06/2024;9300;Produtor Direto
158;14/06/2024;4500;Produtor Direto
159;15/06/2024;15000;Produtor Direto
160;15/06/2024;16660;Produtor Direto
161;17/06/2024;13860;Produtor Direto
162;17/06/2024;4500;Produtor Direto
163;17/06/2024;3500;Produtor Direto
164;17/06/2024;20000;Produtor Direto
165;18/06/2024;6000;Produtor Direto
166;18/06/2024;450;Produtor Direto
167;18/06/2024;6000;Produtor Direto
168;18/06/2024;4000;Produtor Direto
169;19/06/2024;17280;Produtor Direto
170;19/06/2024;17160;Produtor Direto
171;19/06/2024;3800;Produtor Direto
172;19/06/2024;1860;Produtor Direto
173;19/06/2024;1020;Produtor Direto
174;19/06/2024;10080;Produtor Direto
175;19/06/2024;520;Produtor Direto
176;19/06/2024;13620;Produtor Direto
177;19/06/2024;16560;Produtor Direto
178;20/06/2024;10600;Produtor Direto
179;20/06/2024;6000;Produtor Direto
180;20/06/2024;4500;Produtor Direto
181;21/06/2024;15000;Produtor Direto
182;21/06/2024;4500;Produtor Direto
183;22/06/2024;8000;Produtor Direto
184;24/06/2024;10000;Produtor Direto
185;24/06/2024;12000;Produtor Direto
186;15/07/2024;880;Produtor Direto
187;20/05/2024;14020;Produtor Direto
188;23/05/2024;11020;Produtor Direto
189;23/05/2024;1520;Produtor Direto
190;23/05/2024;3080;Produtor Direto
191;23/05/2024;1220;Produtor Direto
192;24/05/2024;6000;Produtor Direto
193;24/05/2024;2500;Produtor Direto
194;24/05/2024;2000;Produtor Direto
195;24/05/2024;1340;Produtor Direto
196;24/05/2024;3400;Produtor Direto
197;28/05/2024;1400;Produtor Direto
198;31/05/2024;9000;Produtor Direto
199;31/05/2024;18000;Produtor Direto
200;31/05/2024;1100;Produtor Direto
201;31/05/2024;7000;Produtor Direto
202;31/05/2024;4000;Produtor Direto
203;01/06/2024;10000;Produtor Direto
204;01/06/2024;10380;Produtor Direto
205;01/06/2024;17700;Produtor Direto
206;03/06/2024;10000;Produtor Direto
207;03/06/2024;6000;Produtor Direto
208;03/06/2024;12886;Produtor Direto
209;04/06/2024;2640;Produtor Direto
210;04/06/2024;2000;Produtor Direto
211;04/06/2024;17140;Produtor Direto
212;04/06/2024;4680;Produtor Direto
213;04/06/2024;13200;Produtor Direto
214;04/06/2024;1200;Produtor Direto
215;05/06/2024;3700;Produtor Direto
216;05/06/2024;2660;Produtor Direto
217;05/06/2024;6540;Produtor Direto
218;05/06/2024;2940;Produtor Direto
219;05/06/2024;1500;Produtor Direto
220;05/06/2024;3600;Produtor Direto
221;05/06/2024;4000;Produtor Direto
222;05/06/2024;4600;Produtor Direto
223;05/06/2024;1800;Produtor Direto
224;05/06/2024;3620;Produtor Direto
225;05/06/2024;15000;Produtor Direto
226;05/06/2024;2600;Produtor Direto
227;05/06/2024;4580;Produtor Direto
228;05/06/2024;4780;Produtor Direto
229;05/06/2024;4940;Produtor Direto
230;05/06/2024;1820;Produtor Direto
231;10/06/2024;3720;Produtor Direto
232;12/06/2024;15840;Produtor Direto
233;13/06/2024;3000;Produtor Direto
234;13/06/2024;6000;Produtor Direto
235;13/06/2024;6800;Produtor Direto
236;13/06/2024;19680;Produtor Direto
237;14/06/2024;10660;Produtor Direto
238;14/06/2024;11160;Produtor Direto
239;14/06/2024;3880;Produtor Direto
240;14/06/2024;3320;Produtor Direto
241;14/06/2024;2200;Produtor Direto
242;14/06/2024;1000;Produtor Direto
243;14/06/2024;2080;Produtor Direto
244;17/06/2024;12920;Produtor Direto
245;17/06/2024;14240;Produtor Direto
246;17/06/2024;21000;Produtor Direto
247;17/06/2024;7960;Produtor Direto
248;18/06/2024;15820;Produtor Direto
249;21/06/2024;3076;Produtor Direto
250;22/06/2024;13200;Produtor Direto
251;22/06/2024;8380;Produtor Direto
252;20/05/2024;2500;Produtor Direto
253;20/05/2024;1400;Produtor Direto
254;20/05/2024;3760;Produtor Direto
255;20/05/2024;2140;Produtor Direto
256;20/05/2024;4980;Produtor Direto
257;20/05/2024;4820;Produtor Direto
258;20/05/2024;2200;Produtor Direto
259;21/05/2024;5760;Produtor Direto
260;21/05/2024;4000;Produtor Direto
261;21/05/2024;2980;Produtor Direto
262;21/05/2024;1060;Produtor Direto
263;21/05/2024;1000;Produtor Direto
264;21/05/2024;800;Produtor Direto
265;21/05/2024;4200;Produtor Direto
266;21/05/2024;10000;Produtor Direto
267;20/05/2024;2000;Produtor Direto
268;20/05/2024;1000;Produtor Direto
269;21/05/2024;3060;Produtor Direto
270;21/05/2024;820;Produtor Direto
271;22/05/2024;6300;Produtor Direto
272;22/05/2024;3600;Produtor Direto
273;22/05/2024;450;Produtor Direto
274;22/05/2024;6000;Produtor Direto
275;22/05/2024;6160;Produtor Direto
276;24/05/2024;120;Produtor Direto
277;27/05/2024;800;Produtor Direto
278;27/05/2024;4120;Produtor Direto
279;27/05/2024;660;Produtor Direto
280;27/05/2024;1900;Produtor Direto
281;29/05/2024;9520;Produtor Direto
282;29/05/2024;2000;Produtor Direto
283;31/05/2024;11000;Produtor Direto
284;31/05/2024;14000;Produtor Direto
285;31/05/2024;10000;Produtor Direto
286;31/05/2024;6483;Produtor Direto
287;30/05/2024;1320;Produtor Direto
288;31/05/2024;2731;Produtor Direto
289;31/05/2024;3620;Produtor Direto
290;31/05/2024;12000;Produtor Direto
291;03/06/2024;12280;Produtor Direto
292;03/06/2024;9680;Produtor Direto
293;03/06/2024;7900;Produtor Direto
294;03/06/2024;4720;Produtor Direto
295;03/06/2024;6620;Produtor Direto
296;03/06/2024;5260;Produtor Direto
297;03/06/2024;1500;Produtor Direto
298;02/06/2024;5660;Produtor Direto
299;03/06/2024;1540;Produtor Direto
300;03/06/2024;1200;Produtor Direto
301;31/05/2024;10000;Produtor Direto
302;02/06/2024;15000;Produtor Direto
303;31/05/2024;15000;Produtor Direto
304;03/06/2024;9880;Produtor Direto
305;02/06/2024;17440;Produtor Direto
306;04/06/2024;8200;Produtor Direto
307;03/06/2024;13620;Produtor Direto
308;04/06/2024;2720;Produtor Direto
309;03/06/2024;1620;Produtor Direto
310;03/06/2024;1720;Produtor Direto
311;03/06/2024;1880;Produtor Direto
312;03/06/2024;3000;Produtor Direto
313;04/06/2024;3000;Produtor Direto
314;05/06/2024;10000;Produtor Direto
315;05/06/2024;5880;Produtor Direto
316;05/06/2024;2200;Produtor Direto
317;05/06/2024;4720;Produtor Direto
318;05/06/2024;4000;Produtor Direto
319;27/05/2024;6000;Produtor Direto
320;05/06/2024;2600;Produtor Direto
321;05/06/2024;2340;Produtor Direto
322;06/06/2024;2600;Produtor Direto
323;05/06/2024;1670;Produtor Direto
324;07/06/2024;15120;Produtor Direto
325;06/06/2024;5000;Produtor Direto
326;06/06/2024;3060;Produtor Direto
327;07/06/2024;2580;Produtor Direto
328;07/06/2024;6380;Produtor Direto
329;07/06/2024;1420;Produtor Direto
330;07/06/2024;520;Produtor Direto
331;07/06/2024;2600;Produtor Direto
332;27/05/2024;8600;Produtor Direto
333;08/06/2024;2000;Produtor Direto
334;10/06/2024;12640;Produtor Direto
335;10/06/2024;15260;Produtor Direto
336;10/06/2024;2660;Produtor Direto
337;10/06/2024;4000;Produtor Direto
338;10/06/2024;4000;Produtor Direto
339;10/06/2024;4000;Produtor Direto
340;10/06/2024;10000;Produtor Direto
341;08/06/2024;200;Produtor Direto
342;10/06/2024;2160;Produtor Direto
343;11/06/2024;9000;Produtor Direto
344;11/06/2024;11000;Produtor Direto
345;11/06/2024;11000;Produtor Direto
346;11/06/2024;2240;Produtor Direto
347;11/06/2024;3060;Produtor Direto
348;11/06/2024;2320;Produtor Direto
349;11/06/2024;1980;Produtor Direto
350;11/06/2024;2040;Produtor Direto
351;11/06/2024;3220;Produtor Direto
352;11/06/2024;1380;Produtor Direto
353;12/06/2024;36000;Produtor Direto
354;12/06/2024;1840;Produtor Direto
355;12/06/2024;2040;Produtor Direto
356;13/06/2024;1780;Produtor Direto
357;12/06/2024;4000;Produtor Direto
358;13/06/2024;6460;Produtor Direto
359;13/06/2024;5740;Produtor Direto
360;13/06/2024;3660;Produtor Direto
361;14/06/2024;1000;Produtor Direto
362;14/06/2024;1560;Produtor Direto
363;14/06/2024;17360;Produtor Direto
364;16/06/2024;12000;Produtor Direto
365;16/06/2024;3060;Produtor Direto
366;17/06/2024;9600;Produtor Direto
367;19/06/2024;3000;Produtor Direto
368;19/06/2024;3400;Produtor Direto
369;19/06/2024;3240;Produtor Direto
370;19/06/2024;2960;Produtor Direto
371;19/06/2024;2100;Produtor Direto
372;19/06/2024;2860;Produtor Direto
373;19/06/2024;2080;Produtor Direto
374;20/06/2024;10000;Produtor Direto
375;20/06/2024;4380;Produtor Direto
376;21/06/2024;2650;Produtor Direto
377;21/06/2024;4612;Produtor Direto
378;21/06/2024;16100;Produtor Direto
379;21/06/2024;6280;Produtor Direto
380;21/06/2024;9560;Produtor Direto
381;24/06/2024;3700;Produtor Direto
382;24/06/2024;2000;Produtor Direto
383;25/06/2024;8460;Produtor Direto
384;26/06/2024;18000;Produtor Direto
385;29/06/2024;2360;Produtor Direto
386;29/06/2024;2300;Produtor Direto
387;29/06/2024;2400;Produtor Direto
388;29/06/2024;2400;Produtor Direto
389;01/07/2024;3000;Produtor Direto
390;01/07/2024;9000;Produtor Direto
391;02/07/2024;12000;Produtor Direto
392;02/07/2024;1900;Produtor Direto
393;02/07/2024;1940;Produtor Direto
394;23/05/2024;8000;Produtor Não Direto
395;03/06/2024;10980;Produtor Não Direto
396;04/06/2024;6400;Produtor Direto
397;06/06/2024;10060;Produtor Direto
398;07/06/2024;200;Produtor Não Direto
399;15/06/2024;13283;Produtor Não Direto
400;04/06/2024;3895;Produtor Direto
401;20/05/2024;15600;Produtor Não Direto
402;21/05/2024;6000;Produtor Não Direto
403;21/05/2024;1841;Produtor Não Direto
404;20/05/2024;420;Produtor Não Direto
405;21/05/2024;12000;Produtor Não Direto
406;23/05/2024;1200;Produtor Não Direto
407;28/05/2024;1194;Produtor Não Direto
408;27/05/2024;12000;Produtor Não Direto
409;28/05/2024;6103;Produtor Não Direto
410;02/05/2024;1000;Produtor Não Direto
411;29/05/2024;5780;Produtor Não Direto
412;31/05/2024;15600;Produtor Não Direto
413;30/05/2024;2358;Produtor Não Direto
414;29/05/2024;2200;Produtor Não Direto
415;31/05/2024;1600;Produtor Não Direto
416;01/06/2024;14000;Produtor Não Direto
417;30/05/2024;3000;Produtor Não Direto
418;01/06/2024;10000;Produtor Não Direto
419;03/06/2024;15120;Produtor Não Direto
420;03/06/2024;9936;Produtor Não Direto
421;03/06/2024;3000;Produtor Não Direto
422;03/06/2024;15600;Produtor Não Direto
423;03/06/2024;11400;Produtor Não Direto
424;04/06/2024;14000;Produtor Não Direto
425;04/06/2024;16560;Produtor Não Direto
426;04/06/2024;12000;Produtor Não Direto
427;04/06/2024;6700;Produtor Não Direto
428;04/06/2024;12000;Produtor Não Direto
429;05/06/2024;2720;Produtor Não Direto
430;05/06/2024;14000;Produtor Não Direto
431;05/06/2024;504;Produtor Não Direto
432;05/06/2024;798;Produtor Não Direto
433;05/06/2024;13220;Produtor Não Direto
434;05/06/2024;6020;Produtor Não Direto
435;05/06/2024;3980;Produtor Não Direto
436;05/06/2024;10600;Produtor Não Direto
437;05/06/2024;14000;Produtor Não Direto
438;06/06/2024;5880;Produtor Não Direto
439;06/06/2024;16000;Produtor Não Direto
440;05/06/2024;5000;Produtor Não Direto
441;06/06/2024;2000;Produtor Não Direto
442;06/06/2024;2020;Produtor Não Direto
443;06/06/2024;2600;Produtor Não Direto
444;06/06/2024;756;Produtor Não Direto
445;06/06/2024;2011;Produtor Não Direto
446;07/06/2024;7900;Produtor Não Direto
447;07/06/2024;700;Produtor Não Direto
448;07/06/2024;10400;Produtor Não Direto
449;06/06/2024;5000;Produtor Não Direto
450;05/06/2024;2340;Produtor Não Direto
451;06/06/2024;12000;Produtor Não Direto
452;06/06/2024;15210;Produtor Não Direto
453;06/06/2024;700;Produtor Não Direto
454;06/06/2024;15000;Produtor Não Direto
455;07/06/2024;6380;Produtor Não Direto
456;07/06/2024;1420;Produtor Não Direto
457;07/06/2024;520;Produtor Não Direto
458;07/06/2024;2600;Produtor Não Direto
459;07/06/2024;2000;Produtor Não Direto
460;09/06/2024;13800;Produtor Não Direto
461;09/06/2024;10000;Produtor Não Direto
462;09/06/2024;10000;Produtor Não Direto
463;08/06/2024;14000;Produtor Não Direto
464;10/06/2024;10020;Produtor Não Direto
465;08/06/2024;14000;Produtor Não Direto
466;06/06/2024;4335;Produtor Não Direto
467;10/06/2024;5500;Produtor Não Direto
468;06/06/2024;5882;Produtor Não Direto
469;07/06/2024;2686;Produtor Não Direto
470;07/06/2024;5661;Produtor Não Direto
471;10/06/2024;2000;Produtor Não Direto
472;07/06/2024;2160;Produtor Não Direto
473;10/06/2024;961;Produtor Não Direto
474;10/06/2024;4000;Produtor Não Direto
475;10/06/2024;15260;Produtor Não Direto
476;10/06/2024;2660;Produtor Não Direto
477;10/06/2024;4000;Produtor Não Direto
478;10/06/2024;4922;Produtor Não Direto
479;10/06/2024;5000;Produtor Não Direto
480;11/06/2024;10000;Produtor Não Direto
481;11/06/2024;2040;Produtor Não Direto
482;10/06/2024;6000;Produtor Não Direto
483;10/06/2024;14000;Produtor Não Direto
484;08/06/2024;2400;Produtor Não Direto
485;11/06/2024;9000;Produtor Não Direto
486;29/05/2024;2737;Produtor Não Direto
487;11/06/2024;3060;Produtor Não Direto
488;11/06/2024;2320;Produtor Não Direto
489;11/06/2024;2040;Produtor Não Direto
490;11/06/2024;3220;Produtor Não Direto
491;11/06/2024;1380;Produtor Não Direto
492;13/06/2024;14400;Produtor Não Direto
493;11/06/2024;1980;Produtor Não Direto
494;13/06/2024;10000;Produtor Não Direto
495;13/06/2024;6460;Produtor Não Direto
496;13/06/2024;5740;Produtor Não Direto
497;13/06/2024;3660;Produtor Não Direto
498;14/06/2024;9260;Produtor Não Direto
499;14/06/2024;10000;Produtor Não Direto
500;14/06/2024;882;Produtor Não Direto
501;14/06/2024;6000;Produtor Não Direto
502;14/06/2024;1000;Produtor Não Direto
503;15/06/2024;472;Produtor Não Direto
504;15/06/2024;10000;Produtor Não Direto
505;15/06/2024;19360;Produtor Não Direto
506;15/06/2024;5540;Produtor Não Direto
507;14/06/2024;17360;Produtor Não Direto
508;16/06/2024;4080;Produtor Não Direto
509;16/06/2024;3940;Produtor Não Direto
510;17/06/2024;5000;Produtor Não Direto
511;17/06/2024;12000;Produtor Não Direto
512;17/06/2024;11000;Produtor Não Direto
513;17/06/2024;16480;Produtor Não Direto
514;16/06/2024;12000;Produtor Não Direto
515;16/06/2024;3060;Produtor Não Direto
516;17/06/2024;9600;Produtor Não Direto
517;18/06/2024;10000;Produtor Não Direto
518;17/06/2024;600;Produtor Não Direto
519;17/06/2024;3040;Produtor Não Direto
520;19/06/2024;6460;Produtor Não Direto
521;19/06/2024;6980;Produtor Não Direto
522;18/06/2024;600;Produtor Não Direto
523;19/06/2024;3400;Produtor Não Direto
524;19/06/2024;3240;Produtor Não Direto
525;19/06/2024;2960;Produtor Não Direto
526;19/06/2024;2100;Produtor Não Direto
527;19/06/2024;2860;Produtor Não Direto
528;19/06/2024;2080;Produtor Não Direto
529;20/06/2024;10000;Produtor Não Direto
530;20/06/2024;1764;Produtor Não Direto
531;20/06/2024;10000;Produtor Não Direto
532;20/06/2024;4380;Produtor Não Direto
533;20/06/2024;2098;Produtor Não Direto
534;21/06/2024;2800;Produtor Não Direto
535;21/06/2024;7200;Produtor Não Direto
536;11/06/2024;2800;Produtor Não Direto
537;21/06/2024;1000;Produtor Não Direto
538;21/06/2024;2180;Produtor Não Direto
539;21/06/2024;9560;Produtor Não Direto
540;21/06/2024;16100;Produtor Não Direto
541;22/06/2024;2220;Produtor Não Direto
542;22/06/2024;180;Produtor Não Direto
543;21/06/2024;9820;Produtor Não Direto
544;22/06/2024;7000;Produtor Não Direto
545;22/06/2024;13000;Produtor Não Direto
546;25/06/2024;9560;Produtor Não Direto
547;25/06/2024;1020;Produtor Não Direto
548;25/06/2024;8600;Produtor Não Direto
549;26/06/2024;14820;Produtor Não Direto
550;26/06/2024;8460;Produtor Não Direto
551;20/06/2024;6740;Produtor Não Direto
552;27/06/2024;2260;Produtor Não Direto
553;27/06/2024;570;Produtor Não Direto
554;29/06/2024;2360;Produtor Não Direto
555;29/06/2024;2300;Produtor Não Direto
556;29/06/2024;2400;Produtor Não Direto
557;29/06/2024;2400;Produtor Não Direto
558;01/07/2024;9000;Produtor Não Direto
559;02/07/2024;12000;Produtor Não Direto
560;02/07/2024;1900;Produtor Não Direto
561;02/07/2024;1940;Produtor Não Direto
562;06/07/2024;1836;Produtor Não Direto
563;09/07/2024;6679;Produtor Não Direto
564;13/07/2024;9954;Produtor Não Direto
565;16/07/2024;510;Produtor Não Direto
566;18/07/2024;1350;Produtor Não Direto
567;20/07/2024;3126;Produtor Não Direto
568;23/07/2024;403;Produtor Não Direto
569;31/07/2024;2074;Produtor Não Direto
570;10/08/2024;0;Produtor Não Direto
571;13/08/2024;765;Produtor Não Direto
572;13/08/2024;1615;Produtor Não Direto
573;28/08/2024;525;Produtor Não Direto
574;04/06/2024;3000;Produtor Não Direto
575;27/05/2024;4000;Produtor Não Direto
576;31/05/2024;5000;Produtor Não Direto
577;01/06/2024;2000;Produtor Não Direto
578;31/05/2024;5000;Produtor Não Direto
579;01/06/2024;6240;Produtor Não Direto
580;03/06/2024;10000;Produtor Não Direto
581;02/06/2024;15000;Produtor Não Direto
582;03/06/2024;4000;Produtor Não Direto
583;03/06/2024;8000;Produtor Não Direto
584;04/06/2024;10800;Produtor Não Direto
585;03/06/2024;15000;Produtor Não Direto
586;05/06/2024;3500;Produtor Não Direto
587;05/06/2024;4000;Produtor Não Direto
588;05/06/2024;5500;Produtor Não Direto
589;05/06/2024;7000;Produtor Não Direto
590;06/06/2024;10000;Produtor Não Direto
591;06/06/2024;8480;Produtor Não Direto
592;05/06/2024;2000;Produtor Não Direto
593;05/06/2024;3000;Produtor Não Direto
594;05/06/2024;10000;Produtor Não Direto
595;07/06/2024;20000;Produtor Não Direto
596;05/06/2024;6000;Produtor Não Direto
597;11/06/2024;8000;Produtor Não Direto
598;11/06/2024;9600;Produtor Não Direto
599;11/06/2024;2360;Produtor Não Direto
600;11/06/2024;6900;Produtor Não Direto
601;11/06/2024;2500;Produtor Não Direto
602;11/06/2024;2600;Produtor Não Direto
603;11/06/2024;6900;Produtor Não Direto
604;11/06/2024;2500;Produtor Não Direto
605;12/06/2024;1200;Produtor Não Direto
606;12/06/2024;12000;Produtor Não Direto
607;13/06/2024;19960;Produtor Não Direto
608;12/06/2024;1000;Produtor Não Direto
609;12/06/2024;2000;Produtor Não Direto
610;12/06/2024;13000;Produtor Não Direto
611;11/06/2024;10160;Produtor Não Direto
612;11/06/2024;7000;Produtor Não Direto
613;13/06/2024;9500;Produtor Não Direto
614;13/06/2024;3700;Produtor Não Direto
615;13/06/2024;2800;Produtor Não Direto
616;15/06/2024;4000;Produtor Não Direto
617;15/06/2024;2100;Produtor Não Direto
618;15/06/2024;1600;Produtor Não Direto
619;15/06/2024;7300;Produtor Não Direto
620;18/06/2024;1400;Produtor Não Direto
621;18/06/2024;3800;Produtor Não Direto
622;18/06/2024;5000;Produtor Não Direto
623;18/06/2024;5200;Produtor Não Direto
624;18/06/2024;1000;Produtor Não Direto
625;19/06/2024;17160;Produtor Não Direto
626;19/06/2024;1320;Produtor Não Direto
627;19/06/2024;15000;Produtor Não Direto
628;19/06/2024;15000;Produtor Não Direto
629;20/06/2024;11880;Produtor Não Direto
630;20/06/2024;4600;Produtor Não Direto
631;20/06/2024;7300;Produtor Não Direto
632;20/06/2024;3100;Produtor Não Direto
633;21/06/2024;10080;Produtor Não Direto
634;21/06/2024;3000;Produtor Não Direto
635;21/06/2024;5200;Produtor Não Direto
636;21/06/2024;3500;Produtor Não Direto
637;22/06/2024;10320;Produtor Não Direto
638;25/06/2024;9000;Produtor Não Direto
639;05/06/2024;2600;Produtor Não Direto
640;26/06/2024;8600;Produtor Não Direto
641;20/05/2024;100;Produtor Não Direto
642;03/06/2024;2400;Produtor Não Direto
643;13/05/2024;1000;Produtor Não Direto
644;08/07/2024;500;Produtor Não Direto
645;14/05/2024;220;Produtor Não Direto
646;17/06/2024;6280;Produtor Não Direto
647;24/07/2024;400;Produtor Não Direto
648;20/05/2024;600;Produtor Não Direto
649;12/06/2024;300;Produtor Não Direto
650;05/07/2024;4860;Produtor Não Direto
651;18/06/2024;2000;Produtor Não Direto
652;29/05/2024;160;Produtor Não Direto
653;15/07/2024;40;Produtor Não Direto
654;10/06/2024;1000;Produtor Não Direto
655;27/07/2024;100;Produtor Não Direto
656;17/06/2024;240;Produtor Não Direto
657;25/06/2024;6800;Produtor Não Direto
658;05/06/2024;1000;Produtor Não Direto
659;18/06/2024;620;Produtor Direto
660;20/05/2024;200;Produtor Não Direto
661;04/06/2024;800;Produtor Direto
662;11/06/2024;2000;Produtor Não Direto
663;06/05/2024;400;Produtor Não Direto
664;15/06/2024;700;Produtor Não Direto
665;24/06/2024;10960;Produtor Não Direto
666;02/05/2024;1763;Produtor Não Direto
667;26/06/2024;140;Produtor Não Direto
668;14/05/2024;100;Produtor Não Direto
669;04/06/2024;1000;Produtor Não Direto
670;03/06/2024;1300;Produtor Direto
671;25/06/2024;2600;Produtor Não Direto
672;10/06/2024;22000;Produtor Não Direto
673;06/06/2024;900;Produtor Direto
674;07/05/2024;2046;Produtor Não Direto
675;24/06/2024;1040;Produtor Não Direto
676;20/06/2024;1000;Produtor Direto
677;22/07/2024;200;Produtor Não Direto
678;25/06/2024;3800;Produtor Não Direto
679;25/06/2024;140;Produtor Não Direto
680;27/05/2024;32;Produtor Não Direto
681;17/06/2024;1000;Produtor Não Direto
682;17/07/2024;800;Produtor Não Direto
683;22/07/2024;100;Produtor Não Direto
684;05/08/2024;40;Produtor Não Direto
685;03/06/2024;1100;Produtor Direto
686;30/07/2024;240;Produtor Não Direto
687;12/06/2024;600;Produtor Não Direto
688;24/07/2024;100;Produtor Não Direto
689;02/07/2024;200;Produtor Não Direto
690;10/06/2024;260;Produtor Não Direto
691;01/05/2024;600;Produtor Não Direto
692;13/05/2024;30;Produtor Não Direto
693;11/06/2024;1000;Produtor Não Direto
694;15/07/2024;100;Produtor Não Direto
695;24/06/2024;100;Produtor Não Direto
696;06/05/2024;500;Produtor Não Direto
697;11/06/2024;13640;Produtor Direto
698;29/05/2024;380;Produtor Não Direto
699;18/06/2024;13860;Produtor Não Direto
700;09/07/2024;200;Produtor Não Direto
701;15/08/2024;200;Produtor Não Direto
702;10/07/2024;300;Produtor Não Direto
703;20/05/2024;151;Produtor Não Direto
704;01/07/2024;100;Produtor Não Direto
705;24/07/2024;120;Produtor Não Direto
706;11/07/2024;160;Produtor Não Direto
707;24/06/2024;600;Produtor Não Direto
708;01/08/2024;200;Produtor Não Direto
709;17/06/2024;3720;Produtor Não Direto
710;06/06/2024;240;Produtor Não Direto
711;02/05/2024;1000;Produtor Não Direto
712;18/06/2024;600;Produtor Não Direto
713;30/07/2024;200;Produtor Não Direto
714;17/07/2024;600;Produtor Não Direto
715;20/08/2024;120;Produtor Não Direto
