Nome / Razão Social;Vínculo com o RGP;Número no RGP;cidade;UF;Tipo de Pessoa
41.956.777 **********************;Indústria de pesca;PAI00042010 ;Salinópolis,PA,Brasil;PA;Pessoa Jurídica
47.219.981 ************************;Indústria de pesca;CEI00041216 ;Fortaleza,CE,Brasil;CE;Pessoa Jurídica
52.141.288 ********************************;Indústria de pesca;SPI00043004 ;Severínia,SP,Brasil;SP;Pessoa Jurídica
53.577.455 ****************;Indústria de pesca;SPI00042946 ;Igaratá,SP,Brasil;SP;Pessoa Jurídica
56.051.950 *************************;Indústria de pesca;PAI00043288 ;Abaetetuba,PA,Brasil;PA;Pessoa Jurídica
57.815.782 ****;Indústria de pesca;PAI00042978 ;Belém,PA,Brasil;PA;Pessoa Jurídica
60.524.571 ****************************;Indústria de pesca;PRI00043886 ;Cambé,PR,Brasil;PR;Pessoa Jurídica
A. ********************;Indústria de pesca;BAI00034537 ;Porto Seguro,BA,Brasil;BA;Pessoa Jurídica
A ****************;Indústria de pesca;BAI00026844 ;Prado,BA,Brasil;BA;Pessoa Jurídica
A ****************;Indústria de pesca;BAI00026844 ;Prado,BA,Brasil;BA;Pessoa Jurídica
A.C.P. *******;Indústria de pesca;AMI00040938 ;Juruá,AM,Brasil;AM;Pessoa Jurídica
ACQUA *************************************************;Indústria de pesca;SPI00043054 ;São Paulo,SP,Brasil;SP;Pessoa Jurídica
ACQUA ***************************************;Indústria de pesca;RJI00044000 ;Guapimirim,RJ,Brasil;RJ;Pessoa Jurídica
ACQUA *******************************************;Indústria de pesca;SPI00033937 ;Bauru,SP,Brasil;SP;Pessoa Jurídica
AD **********************;Indústria de pesca;SCI00033987 ;Governador Celso Ramos,SC,Brasil;SC;Pessoa Jurídica
ADRIANA ****************;Indústria de pesca, Licença de aquicultor;PEI00042824,PEU11555388 ;Recife,PE,Brasil;PE;Pessoa Jurídica
ADRIANO *******************;Indústria de pesca, Licença de aquicultor;SPI00042208,SPU11577899 ;São Paulo,SP,Brasil;SP;Pessoa Jurídica
ADSON ****************;Indústria de pesca;AMI00041410 ;Manaus,AM,Brasil;AM;Pessoa Jurídica
ADW ******************************;Indústria de pesca, Licença de aquicultor;SPI00042084,SPU11579971 ;São Paulo,SP,Brasil;SP;Pessoa Jurídica
AGRIMAR ********************************************;Indústria de pesca;SPI00033857 ;São Paulo,SP,Brasil;SP;Pessoa Jurídica
AGROFORTE *************************************;Indústria de pesca;SCI00034247 ;Biguaçu,SC,Brasil;SC;Pessoa Jurídica
AGROFORTE *************************************;Indústria de pesca;SCI00034247 ;Biguaçu,SC,Brasil;SC;Pessoa Jurídica
AGROINDÚSTRIA ***************************;Indústria de pesca, Registro de aquicultor;TOI00044516,TOR11434460 ;Brejinho de Nazaré,TO,Brasil;TO;Pessoa Jurídica
AGROINDÚSTRIA ***************************;Indústria de pesca, Registro de aquicultor;TOI00044516,TOR11434460 ;Brejinho de Nazaré,TO,Brasil;TO;Pessoa Jurídica
AGRO-INDÚSTRIA *****************************;Indústria de pesca;AMI00039309 ;Manaus,AM,Brasil;AM;Pessoa Jurídica
AGROQUIMICA **************************************;Indústria de pesca;CEI00036457 ;Eusébio,CE,Brasil;CE;Pessoa Jurídica
A ******************;Indústria de pesca;AMI00039841 ;Manacapuru,AM,Brasil;AM;Pessoa Jurídica
AKIRA ******************************;Indústria de pesca;SPI00034167 ;São Paulo,SP,Brasil;SP;Pessoa Jurídica
ALAOR ********************;Indústria de pesca;PRI00036355 ;Foz do Iguaçu,PR,Brasil;PR;Pessoa Jurídica
ALBERTO ***************;Indústria de pesca;BAI00025060 ;Nova Viçosa,BA,Brasil;BA;Pessoa Jurídica
ALCINEIA ******************;Indústria de pesca;SCI00034019 ;Passo de Torres,SC,Brasil;SC;Pessoa Jurídica
ALICE *********************;Indústria de pesca;SPI00042744 ;Mogi das Cruzes,SP,Brasil;SP;Pessoa Jurídica
AL ******************************************;Indústria de pesca;PRI00037579 ;Guaratuba,PR,Brasil;PR;Pessoa Jurídica
ALTO *******************************;Indústria de pesca;SPI00033179 ;Cananéia,SP,Brasil;SP;Pessoa Jurídica
ALTOMAR ************************;Indústria de pesca;CEI00034229 ;Fortaleza,CE,Brasil;CE;Pessoa Jurídica
ALVES *************************;Indústria de pesca;PAI00020178 ;Vigia,PA,Brasil;PA;Pessoa Jurídica
Amapaense ********;Indústria de pesca;API00041458 ;Macapá,AP,Brasil;AP;Pessoa Jurídica
AMAZONAS **********************************;Indústria de pesca, Proprietário de embarcação;PAI00003294 ;Belém,PA,Brasil;PA;Pessoa Jurídica
AMAZON ************;Indústria de pesca;PAI00026886 ;Belém,PA,Brasil;PA;Pessoa Jurídica
AMAZON ****************************************;Indústria de pesca;PAI00041668 ;Santarém,PA,Brasil;PA;Pessoa Jurídica
AMAZONIA *****************************;Indústria de pesca;PAI00041304 ;Belém,PA,Brasil;PA;Pessoa Jurídica
AMAZONIA ********************************************;Indústria de pesca;PAI00022760 ;Belém,PA,Brasil;PA;Pessoa Jurídica
AMAZON *******************************************;Indústria de pesca;PAI00038549 ;Belém,PA,Brasil;PA;Pessoa Jurídica
AMAZONPEIXE ****************;Indústria de pesca;AMI00036497 ;Manacapuru,AM,Brasil;AM;Desconhecido
AMAZONPEIXE ****************;Indústria de pesca;AMI00039069 ;Manacapuru,AM,Brasil;AM;Pessoa Jurídica
AMAZONPESC ******************************************;Indústria de pesca;API00035217 ;Oiapoque,AP,Brasil;AP;Pessoa Jurídica
AMAZON ****************************************;Indústria de pesca;PAI00043238 ;Belém,PA,Brasil;PA;Pessoa Jurídica
AMAZONSTAR ***********************************;Indústria de pesca;PAI00043858 ;Marituba,PA,Brasil;PA;Pessoa Jurídica
AMB *****************************************;Indústria de pesca;SCI00031009 ;Balneário Camboriú,SC,Brasil;SC;Pessoa Jurídica
AMB *****************************************;Indústria de pesca;SCI00038367 ;Balneário Camboriú,SC,Brasil;SC;Pessoa Jurídica
AMIPESCA *************;Indústria de pesca;SCI00033425 ;Governador Celso Ramos,SC,Brasil;SC;Pessoa Jurídica
AMPX ***********************************;Indústria de pesca;AMI00041618 ;Manaus,AM,Brasil;AM;Pessoa Jurídica
A ****************;Indústria de pesca;AMI00041378 ;Manaus,AM,Brasil;AM;Pessoa Jurídica
ANDREA **************;Indústria de pesca;SCI00034279 ;Itajaí,SC,Brasil;SC;Pessoa Jurídica
ANDRE ****************;Indústria de pesca;ROI00040278 ;Guajará-Mirim,RO,Brasil;RO;Pessoa Jurídica
ANJO ********************************;Indústria de pesca;SCI00030217 ;Laguna,SC,Brasil;SC;Pessoa Jurídica
ANTONIO ***********************;Indústria de pesca;SCI00032079 ;Laguna,SC,Brasil;SC;Pessoa Jurídica
ANTONIO ************************;Indústria de pesca;RSI00034797 ;Rio Grande,RS,Brasil;RS;Pessoa Jurídica
ANTONIO *************;Indústria de pesca;SPI00043206 ;Mogi das Cruzes,SP,Brasil;SP;Pessoa Jurídica
ANV **************;Indústria de pesca, Licença de aquicultor;AMI00036509,AMU11487767 ;Manaus,AM,Brasil;AM;Pessoa Jurídica
APARECIDA *************************;Indústria de pesca;SPI00042930 ;São Paulo,SP,Brasil;SP;Pessoa Jurídica
A.P. *****************;Indústria de pesca;AMI00041854 ;Tefé,AM,Brasil;AM;Pessoa Jurídica
APN *************************************************;Indústria de pesca;PAI00036287 ;Óbidos,PA,Brasil;PA;Pessoa Jurídica
AQUA *******************************;Indústria de pesca;AMI00043740 ;Manaus,AM,Brasil;AM;Pessoa Jurídica
AQUAMANIA *******;Indústria de pesca;CEI00037109 ;Fortaleza,CE,Brasil;CE;Pessoa Jurídica
AQUARIOCA ***********************;Indústria de pesca;RJI00042480 ;Rio de Janeiro,RJ,Brasil;RJ;Pessoa Jurídica
AQUARIO ***********;Indústria de pesca;SPI00044468 ;São José dos Campos,SP,Brasil;SP;Pessoa Jurídica
AQUARIO **************;Indústria de pesca;ESI00044048 ;Vila Velha,ES,Brasil;ES;Pessoa Jurídica
AQUARIO **************;Indústria de pesca;ESI00044048 ;Vila Velha,ES,Brasil;ES;Pessoa Jurídica
AQUARIUM ********************;Indústria de pesca;AMI00043764 ;Manaus,AM,Brasil;AM;Pessoa Jurídica
AQUICULTURA *****************;Indústria de pesca;BAI00042718 ;Cabaceiras do Paraguaçu,BA,Brasil;BA;Pessoa Jurídica
AROMAS **************************************************************************;Indústria de pesca;SCI00033599 ;Penha,SC,Brasil;SC;Pessoa Jurídica
AROMAS **************************************************************************;Indústria de pesca;SCI00033599 ;Penha,SC,Brasil;SC;Pessoa Jurídica
ASA ************************************;Indústria de pesca;ALI00038531 ;Arapiraca,AL,Brasil;AL;Pessoa Jurídica
ASIAMÉRICA **************************************;Indústria de pesca;RSI00003084 ;Rio Grande,RS,Brasil;RS;Pessoa Jurídica
ASIAMÉRICA **************************************;Indústria de pesca;RSI00003084 ;Rio Grande,RS,Brasil;RS;Pessoa Jurídica
ASMARANA **********************************************;Indústria de pesca;RNI00038307 ;Macaíba,RN,Brasil;RN;Pessoa Jurídica
Assessa ************************************;Indústria de pesca;RJI00034677 ;Rio de Janeiro,RJ,Brasil;RJ;Pessoa Jurídica
Associação *********************************;Indústria de pesca, Proprietário de embarcação;CEI00027098 ;Beberibe,CE,Brasil;CE;Pessoa Jurídica
ASSOCIAÇÃO ********************************;Indústria de pesca;AMI00040228 ;Carauari,AM,Brasil;AM;Pessoa Jurídica
ATLANFISH ***************************************************;Indústria de pesca;SCI00034001 ;Florianópolis,SC,Brasil;SC;Pessoa Jurídica
ATLANTA *************************;Indústria de pesca;GOI00033895 ;Aparecida de Goiânia,GO,Brasil;GO;Pessoa Jurídica
ATLANTA *************************;Indústria de pesca;GOI00033895 ;Aparecida de Goiânia,GO,Brasil;GO;Pessoa Jurídica
ATLÂNTICO *******************;Indústria de pesca;API00036787 ;Oiapoque,AP,Brasil;AP;Pessoa Jurídica
ATLAS ************;Indústria de pesca;AMI00043948 ;Manaus,AM,Brasil;AM;Pessoa Jurídica
ATUM *******************************************;Indústria de pesca;ESI00003106 ;Itapemirim,ES,Brasil;ES;Pessoa Jurídica
ATUM ********************************************;Indústria de pesca;BAI00041064 ;Alcobaça,BA,Brasil;BA;Pessoa Jurídica
BAHIA ***************************;Indústria de pesca;BAI00040326 ;Canavieiras,BA,Brasil;BA;Pessoa Jurídica
BALIX ************************************;Indústria de pesca;SPI00033737 ;Santos,SP,Brasil;SP;Pessoa Jurídica
Baran *********************************************;Indústria de pesca, Registro de aquicultor;SPI00043228,SPR00006024 ;São Paulo,SP,Brasil;SP;Pessoa Jurídica
BEIRA *******************;Indústria de pesca;SCI00030755 ;Barra Velha,SC,Brasil;SC;Pessoa Jurídica
BEM *****************;Indústria de pesca;DFI00043596 ;Goianésia,GO,Brasil;DF;Pessoa Jurídica
BEM *****************;Indústria de pesca;GOI00044420 ;Brasília,DF,Brasil;GO;Pessoa Jurídica
BERNADETE *****;Indústria de pesca;SCI00039877 ;Blumenau,SC,Brasil;SC;Pessoa Jurídica
BERNARDO ******************************;Indústria de pesca;BAI00024354 ;Valença,BA,Brasil;BA;Pessoa Jurídica
BERNARDO ***************;Indústria de pesca;RNI00040796 ;Natal,RN,Brasil;RN;Pessoa Jurídica
BFP ****************************;Indústria de pesca;SCI00033469 ;Itajaí,SC,Brasil;SC;Pessoa Jurídica
BFP ****************************;Indústria de pesca;SCI00033469 ;Itajaí,SC,Brasil;SC;Pessoa Jurídica
BIBI ***********************************;Indústria de pesca;MSI00044356 ;Corumbá,MS,Brasil;MS;Pessoa Jurídica
Big **************************************************;Indústria de pesca;PRI00032847 ;Guaratuba,PR,Brasil;PR;Pessoa Jurídica
BIO ****************************;Indústria de pesca;AMI00041636 ;Iranduba,AM,Brasil;AM;Pessoa Jurídica
BIO *************************;Indústria de pesca;AMI00036537 ;Iranduba,AM,Brasil;AM;Pessoa Jurídica
BLANKE *************************;Indústria de pesca;PEI00016437 ;Recife,PE,Brasil;PE;Pessoa Jurídica
BOA *******************;Indústria de pesca;MGI00020468 ;Uberlândia,MG,Brasil;MG;Pessoa Jurídica
BOM *******************************;Indústria de pesca;SPI00031787 ;Piracicaba,SP,Brasil;SP;Pessoa Jurídica
BOM *******************************;Indústria de pesca;SPI00035637 ;Piracicaba,SP,Brasil;SP;Pessoa Jurídica
BOM *******************************;Indústria de pesca, Registro de aquicultor;GOI00031855,GOR11509710 ;Piracicaba,SP,Brasil;GO;Pessoa Jurídica
BOM ************;Indústria de pesca;API00040218 ;Macapá,AP,Brasil;AP;Pessoa Jurídica
BOMPREÇO ******************************;Indústria de pesca;PEI00035441 ;Cabo de Santo Agostinho,PE,Brasil;PE;Pessoa Jurídica
BOMPREÇO ******************************;Indústria de pesca;PEI00035459 ;Jaboatão dos Guararapes,PE,Brasil;PE;Pessoa Jurídica
BRAFISH **********************************************;Indústria de pesca;PAI00040070 ;Bragança,PA,Brasil;PA;Pessoa Jurídica
BRAFISH **********************************************;Indústria de pesca;PAI00040070 ;Bragança,PA,Brasil;PA;Pessoa Jurídica
BRASFISH **************************************;Indústria de pesca;SPI00036041 ;Santa Fé do Sul,SP,Brasil;SP;Pessoa Jurídica
BRASIL **************;Indústria de pesca;ESI00035807 ;Itapemirim,ES,Brasil;ES;Pessoa Jurídica
BRASILIANFISH ****;Indústria de pesca;PAI00042898 ;Belém,PA,Brasil;PA;Pessoa Jurídica
BRASIL ******************************************************;Indústria de pesca;SCI00033111 ;Itajaí,SC,Brasil;SC;Pessoa Jurídica
BRASIL ******************************************************;Indústria de pesca;SCI00033111 ;Itajaí,SC,Brasil;SC;Pessoa Jurídica
BRASPEIXE *************************************;Indústria de pesca;PAI00043368 ;Belém,PA,Brasil;PA;Pessoa Jurídica
BRASSETHE **************;Indústria de pesca;SCI00042324 ;Florianópolis,SC,Brasil;SC;Pessoa Jurídica
BRAZEX **************************;Indústria de pesca, Proprietário de embarcação;CEI00003114 ;Fortaleza,CE,Brasil;CE;Pessoa Jurídica
BRAZEX **************************;Indústria de pesca, Proprietário de embarcação;CEI00003114 ;Fortaleza,CE,Brasil;CE;Pessoa Jurídica
B ************************************;Indústria de pesca;RJI00042688 ;Rio de Janeiro,RJ,Brasil;RJ;Pessoa Jurídica
BRUDER **************;Indústria de pesca;SCI00039087 ;Urussanga,SC,Brasil;SC;Pessoa Jurídica
BRUMAR *****************************************;Indústria de pesca;SPI00035281 ;Barueri,SP,Brasil;SP;Pessoa Jurídica
BRUMAR *****************************************;Indústria de pesca;SPI00035281 ;Barueri,SP,Brasil;SP;Pessoa Jurídica
BRUNO *************************;Indústria de pesca;PRI00030687 ;Guaratuba,PR,Brasil;PR;Pessoa Jurídica
BSC *************;Indústria de pesca, Proprietário de embarcação;CEI00034649 ;Fortaleza,CE,Brasil;CE;Pessoa Jurídica
BSC *************;Indústria de pesca, Proprietário de embarcação;CEI00034649 ;Fortaleza,CE,Brasil;CE;Pessoa Jurídica
BTJ **********;Indústria de pesca;SPI00042770 ;Ilha Solteira,SP,Brasil;SP;Pessoa Jurídica
BY ***********************************;Indústria de pesca;SPI00033081 ;São Paulo,SP,Brasil;SP;Pessoa Jurídica
CABRAL ****************************;Indústria de pesca;PRI00034365 ;Guaratuba,PR,Brasil;PR;Pessoa Jurídica
CAIS **************************************************;Indústria de pesca;SCI00038871 ;Itajaí,SC,Brasil;SC;Pessoa Jurídica
CAJUCOCO ********************************;Indústria de pesca;CEI00032387 ;Itarema,CE,Brasil;CE;Pessoa Jurídica
CAJUCOCO ********************************;Indústria de pesca;CEI00032387 ;Itarema,CE,Brasil;CE;Pessoa Jurídica
CAJUCOCO ********************************;Indústria de pesca;CEI00032387 ;Itarema,CE,Brasil;CE;Pessoa Jurídica
CAJUCOCO ********************************;Indústria de pesca;CEI00032387 ;Itarema,CE,Brasil;CE;Pessoa Jurídica
CAJUCOCO ********************************;Indústria de pesca;CEI00032387 ;Itarema,CE,Brasil;CE;Pessoa Jurídica
CALJEVYS *******************************************************;Indústria de pesca;PAI00030169 ;Belém,PA,Brasil;PA;Pessoa Jurídica
Camanor ***************************************;Indústria de pesca, Licença de aquicultor;RNI00032887,RNU00000555 ;Canguaretama,RN,Brasil;RN;Pessoa Jurídica
CAMARÃO **********;Indústria de pesca;BAI00026004 ;Ilhéus,BA,Brasil;BA;Pessoa Jurídica
CAMIL *************;Indústria de pesca;SCI00012297 ;Navegantes,SC,Brasil;SC;Pessoa Jurídica
CAMIL *************;Indústria de pesca;SCI00012297 ;Navegantes,SC,Brasil;SC;Pessoa Jurídica
Campasa ********************;Indústria de pesca;PAI00016647 ;Curuçá,PA,Brasil;PA;Pessoa Jurídica
CANAA *************************************;Indústria de pesca;SCI00027226 ;Itajaí,SC,Brasil;SC;Pessoa Jurídica
C. ******************;Indústria de pesca;BAI00030095 ;Alcobaça,BA,Brasil;BA;Pessoa Jurídica
CANELLAS **********************;Indústria de pesca;SCI00035557 ;Florianópolis,SC,Brasil;SC;Pessoa Jurídica
CARAPITANGA *******************************;Indústria de pesca;PEI00036485 ;Jaboatão dos Guararapes,PE,Brasil;PE;Pessoa Jurídica
CARDOSO *****************************************;Indústria de pesca;PAI00043438 ;Vigia,PA,Brasil;PA;Pessoa Jurídica
CARLAO ***********************************************;Indústria de pesca;RJI00043738 ;Rio de Janeiro,RJ,Brasil;RJ;Pessoa Jurídica
CARLOS ***********************************;Indústria de pesca;PAI00041948 ;Belém,PA,Brasil;PA;Pessoa Jurídica
CARREFOUR *************************;Indústria de pesca;SPI00033067 ;Itapevi,SP,Brasil;SP;Pessoa Jurídica
CARREFOUR *************************;Indústria de pesca;SPI00033031 ;Osasco,SP,Brasil;SP;Pessoa Jurídica
CASA ********;Indústria de pesca;AMI00036247 ;Manaus,AM,Brasil;AM;Pessoa Jurídica
CASA ********************************;Indústria de pesca;PRI00030697 ;Guaratuba,PR,Brasil;PR;Pessoa Jurídica
CASA ********************************;Indústria de pesca;PRI00030811 ;Guaratuba,PR,Brasil;PR;Pessoa Jurídica
CASA ********************************;Indústria de pesca;PRI00030811 ;Guaratuba,PR,Brasil;PR;Pessoa Jurídica
CASA ********************************;Indústria de pesca;PRI00030811 ;Guaratuba,PR,Brasil;PR;Pessoa Jurídica
CASSIMIRO *************;Indústria de pesca;SCI00033437 ;Imaruí,SC,Brasil;SC;Pessoa Jurídica
CASTANHAL ************************************************;Indústria de pesca;PAI00043466 ;Vigia,PA,Brasil;PA;Pessoa Jurídica
CAVALO ******************************************************;Indústria de pesca, Registro de aquicultor;SCI00038727,SCR11531910 ;Palhoça,SC,Brasil;SC;Pessoa Jurídica
CAVIAR *********************************;Indústria de pesca;SCI00033969 ;Itajaí,SC,Brasil;SC;Pessoa Jurídica
CE **********************************;Indústria de pesca;CEI00034377 ;Fortaleza,CE,Brasil;CE;Pessoa Jurídica
CELM *****************;Indústria de pesca;PBI00041144 ;Alcobaça,BA,Brasil;PB;Pessoa Jurídica
CELM ***************;Indústria de pesca;PEI00041298 ;Alcobaça,BA,Brasil;PE;Pessoa Jurídica
CELM ***************;Indústria de pesca;BAI00035415 ;São José da Coroa Grande,PE,Brasil;BA;Pessoa Jurídica
Celso ******************;Indústria de pesca;RSI00000388 ;Santo Ângelo,RS,Brasil;RS;Pessoa Jurídica
CENTER *****************************************;Indústria de pesca;GOI00035491 ;Goiânia,GO,Brasil;GO;Pessoa Jurídica
CENTRAL ******************************;Indústria de pesca;API00041750 ;Oiapoque,AP,Brasil;AP;Pessoa Jurídica
CESAR **************;Indústria de pesca;BAI00024396 ;Prado,BA,Brasil;BA;Pessoa Jurídica
CFK *************************;Indústria de pesca;SCI00038209 ;Laguna,SC,Brasil;SC;Pessoa Jurídica
CHIKO *********;Indústria de pesca;AMI00036251 ;Anamã,AM,Brasil;AM;Pessoa Jurídica
Christine *****************************;Indústria de pesca;BAI00039865 ;Salvador,BA,Brasil;BA;Pessoa Jurídica
CIA **************************************************************************************;Indústria de pesca;SPI00042996 ;São Paulo,SP,Brasil;SP;Pessoa Jurídica
CIA *****************************************;Indústria de pesca;RJI00042678 ;Rio de Janeiro,RJ,Brasil;RJ;Pessoa Jurídica
CLEOMIR **************;Indústria de pesca;AMI00040858 ;Tapauá,AM,Brasil;AM;Pessoa Jurídica
CLEONICE ************;Indústria de pesca;AMI00036201 ;Fonte Boa,AM,Brasil;AM;Pessoa Jurídica
CLEONICE ************;Indústria de pesca;AMI00036201 ;Fonte Boa,AM,Brasil;AM;Pessoa Jurídica
CMS ********************************;Indústria de pesca;PAI00032109 ;Belém,PA,Brasil;PA;Pessoa Jurídica
CMS *****************************************;Indústria de pesca, Proprietário de embarcação;PAI00039097 ;Belém,PA,Brasil;PA;Pessoa Jurídica
C *******************;Indústria de pesca;PAI00033635 ;Belém,PA,Brasil;PA;Pessoa Jurídica
COCARI ***************************************;Indústria de pesca;PRI00043264 ;Alvorada do Sul,PR,Brasil;PR;Pessoa Jurídica
Comercial ******************;Indústria de pesca;RJI00036367 ;Duque de Caxias,RJ,Brasil;RJ;Pessoa Jurídica
Comercial ****************;Indústria de pesca;RJI00035619 ;Duque de Caxias,RJ,Brasil;RJ;Pessoa Jurídica
COMÉRCIO ************************;Indústria de pesca;SCI00037627 ;Tijucas,SC,Brasil;SC;Pessoa Jurídica
COMÉRCIO ***********************************************;Indústria de pesca;SPI00003300 ;Santos,SP,Brasil;SP;Pessoa Jurídica
COMÉRCIO *************************************;Indústria de pesca;SCI00031805 ;Palhoça,SC,Brasil;SC;Pessoa Jurídica
Comercio *************************************;Indústria de pesca, Proprietário de embarcação;SCI00002644 ;Itajaí,SC,Brasil;SC;Pessoa Jurídica
Comercio *************************************;Indústria de pesca, Proprietário de embarcação;SCI00002644 ;Itajaí,SC,Brasil;SC;Pessoa Jurídica
COMERCIO ********************************************;Indústria de pesca;MGI00022920 ;Ubaporanga,MG,Brasil;MG;Pessoa Jurídica
Companhia **************************;Indústria de pesca;RJI00035169 ;São João de Meriti,RJ,Brasil;RJ;Pessoa Jurídica
COMPANHIA **************************;Indústria de pesca;SPI00031997 ;Osasco,SP,Brasil;SP;Pessoa Jurídica
COMPANHIA **************************;Indústria de pesca;SPI00031997 ;Osasco,SP,Brasil;SP;Pessoa Jurídica
COMPESCAL ************************************;Indústria de pesca;CEI00003348 ;Aracati,CE,Brasil;CE;Pessoa Jurídica
COMPESCAL ************************************;Indústria de pesca;CEI00003348 ;Aracati,CE,Brasil;CE;Pessoa Jurídica
COMPESCAL ************************************;Indústria de pesca;CEI00003348 ;Aracati,CE,Brasil;CE;Pessoa Jurídica
COMPEX ***********************************************;Indústria de pesca;CEI00041014 ;Fortaleza,CE,Brasil;CE;Pessoa Jurídica
COMPEX ***********************************************;Indústria de pesca;CEI00003128 ;Fortaleza,CE,Brasil;CE;Pessoa Jurídica
COMPEX ***********************************************;Indústria de pesca;CEI00003128 ;Fortaleza,CE,Brasil;CE;Pessoa Jurídica
COMPEX ***********************************************;Indústria de pesca;CEI00003128 ;Fortaleza,CE,Brasil;CE;Pessoa Jurídica
CONDESSA **************************;Indústria de pesca;CEI00032295 ;Camocim,CE,Brasil;CE;Pessoa Jurídica
CONDESSA **************************;Indústria de pesca;CEI00032295 ;Camocim,CE,Brasil;CE;Pessoa Jurídica
CONDESSA **************************;Indústria de pesca;CEI00032295 ;Camocim,CE,Brasil;CE;Pessoa Jurídica
CONDESSA *****************************************;Indústria de pesca;PAI00029250 ;Belém,PA,Brasil;PA;Pessoa Jurídica
CONSERVAS *********************;Indústria de pesca;RJI00035767 ;São Gonçalo,RJ,Brasil;RJ;Pessoa Jurídica
Cooperativa ******************;Indústria de pesca;PRI00021870 ;Matelândia,PR,Brasil;PR;Pessoa Jurídica
Cooperativa *******************************************;Indústria de pesca, Proprietário de embarcação;PBI00025794 ;Cabedelo,PB,Brasil;PB;Pessoa Jurídica
COOPERATIVA ***************************************************************;Indústria de pesca;MGI00031591 ;Morada Nova de Minas,MG,Brasil;MG;Pessoa Jurídica
COOPERATIVA *****************************************;Indústria de pesca;RJI00041078 ;Angra dos Reis,RJ,Brasil;RJ;Pessoa Jurídica
COOPERATIVA **************************************;Indústria de pesca, Licença de aquicultor;ROI00040124,ROU11569235 ;Ji-Paraná,RO,Brasil;RO;Pessoa Jurídica
COPACOL **************************************;Indústria de pesca, Registro de aquicultor;PRI00038265,PRR11553250 ;Nova Aurora,PR,Brasil;PR;Pessoa Jurídica
COPISCES ***************************************************;Indústria de pesca;PRI00033357 ;Toledo,PR,Brasil;PR;Pessoa Jurídica
COPRIMAR *****************************************;Indústria de pesca;PAI00037637 ;Curuçá,PA,Brasil;PA;Pessoa Jurídica
COPRIMAR *****************************************;Indústria de pesca;PAI00037637 ;Curuçá,PA,Brasil;PA;Pessoa Jurídica
CORALFISH *****************************;Indústria de pesca;SPI00043160 ;Ribeirão Preto,SP,Brasil;SP;Pessoa Jurídica
Cordeiro ********************************************************;Indústria de pesca, Proprietário de embarcação;SCI00039617 ;Navegantes,SC,Brasil;SC;Pessoa Jurídica
COSTA *********************;Indústria de pesca;RNI00038419 ;Canguaretama,RN,Brasil;RN;Pessoa Jurídica
COSTA *******************************;Indústria de pesca;SCI00038765 ;Itajaí,SC,Brasil;SC;Pessoa Jurídica
COSTA *****************;Indústria de pesca;CEI00041700 ;Beberibe,CE,Brasil;CE;Pessoa Jurídica
COSTA *******************************;Indústria de pesca;PAI00001940 ;Belém,PA,Brasil;PA;Pessoa Jurídica
COSTA ****************;Indústria de pesca, Proprietário de embarcação;SCI00023414 ;Navegantes,SC,Brasil;SC;Pessoa Jurídica
COSTA ****************;Indústria de pesca, Proprietário de embarcação;SCI00023414 ;Navegantes,SC,Brasil;SC;Pessoa Jurídica
CRISTIANE *********************;Indústria de pesca;SPI00034149 ;São Paulo,SP,Brasil;SP;Pessoa Jurídica
CRISTIAN *********;Indústria de pesca;PRI00037115 ;Antonina,PR,Brasil;PR;Pessoa Jurídica
CRISTIANO ************************;Indústria de pesca;PRI00030545 ;Guaratuba,PR,Brasil;PR;Pessoa Jurídica
CRUSOE *********************************************;Indústria de pesca;CEI00037609 ;São Gonçalo do Amarante,CE,Brasil;CE;Pessoa Jurídica
CRUSOE *********************************************;Indústria de pesca;CEI00031037 ;Fortaleza,CE,Brasil;CE;Pessoa Jurídica
CRUSOE *********************************************;Indústria de pesca;CEI00031037 ;Fortaleza,CE,Brasil;CE;Pessoa Jurídica
CSL *************;Indústria de pesca;PRI00044208 ;Guaratuba,PR,Brasil;PR;Pessoa Jurídica
CSL *****************;Indústria de pesca;PRI00030675 ;Guaratuba,PR,Brasil;PR;Pessoa Jurídica
CUNHA ***********************************************;Indústria de pesca;PAI00043336 ;Belém,PA,Brasil;PA;Pessoa Jurídica
CUNHAU **************;Indústria de pesca;API00039387 ;Calçoene,AP,Brasil;AP;Pessoa Jurídica
C. *********************************;Indústria de pesca;PRI00044226 ;Nova Prata do Iguaçu,PR,Brasil;PR;Pessoa Jurídica
C.VALE ****************************;Indústria de pesca;PRI00033577 ;Palotina,PR,Brasil;PR;Pessoa Jurídica
DAIZINHO *************;Indústria de pesca;SCI00040978 ;Laguna,SC,Brasil;SC;Pessoa Jurídica
Damien ************************;Indústria de pesca;RSI00042468 ;Sapucaia do Sul,RS,Brasil;RS;Pessoa Jurídica
Damien ************************;Indústria de pesca;RSI00042468 ;Sapucaia do Sul,RS,Brasil;RS;Pessoa Jurídica
DAMM **************************;Indústria de pesca;RJI00043450 ;Cachoeiras de Macacu,RJ,Brasil;RJ;Pessoa Jurídica
DAMM **************************;Indústria de pesca;SPI00033555 ;Osasco,SP,Brasil;SP;Pessoa Jurídica
DAMM **************************;Indústria de pesca;SPI00033555 ;Osasco,SP,Brasil;SP;Pessoa Jurídica
DANIEL **************************;Indústria de pesca;AMI00039677 ;Jutaí,AM,Brasil;AM;Pessoa Jurídica
DAVID ********************;Indústria de pesca, Proprietário de embarcação;SCI00035487 ;Itajaí,SC,Brasil;SC;Pessoa Jurídica
Dayse *************************;Indústria de pesca;SCI00040044 ;Jaguaruna,SC,Brasil;SC;Pessoa Jurídica
D ***************;Indústria de pesca;API00044210 ;Oiapoque,AP,Brasil;AP;Pessoa Jurídica
DETONI ***************;Indústria de pesca;SCI00033975 ;Penha,SC,Brasil;SC;Pessoa Jurídica
DIA **************************************************************************;Indústria de pesca;SPI00042454 ;Guarulhos,SP,Brasil;SP;Pessoa Jurídica
DIONILDO **********************;Indústria de pesca;BAI00032187 ;Porto Seguro,BA,Brasil;BA;Pessoa Jurídica
DISTRIBUIDORA **************************;Indústria de pesca;AMI00036087 ;Tefé,AM,Brasil;AM;Pessoa Jurídica
DISTRIBUIDORA **********************;Indústria de pesca;SPI00033685 ;São Paulo,SP,Brasil;SP;Pessoa Jurídica
DISTRIBUIDORA **********************************;Indústria de pesca;SPI00033867 ;Cotia,SP,Brasil;SP;Pessoa Jurídica
DISTRIBUIDORA *******************************************;Indústria de pesca;SPI00033697 ;Cotia,SP,Brasil;SP;Pessoa Jurídica
DIVINO *********************;Indústria de pesca;AMI00041476 ;Presidente Figueiredo,AM,Brasil;AM;Pessoa Jurídica
DOMINGOS *****************;Indústria de pesca;ESI00003138 ;Guarapari,ES,Brasil;ES;Pessoa Jurídica
DO **********************;Indústria de pesca;PBI00042076 ;Cabedelo,PB,Brasil;PB;Pessoa Jurídica
D. *****************************************;Indústria de pesca;PRI00032967 ;Guaratuba,PR,Brasil;PR;Pessoa Jurídica
DU-ARTE ***************;Indústria de pesca;SCI00031027 ;Laguna,SC,Brasil;SC;Pessoa Jurídica
DU-ARTE ***************;Indústria de pesca;SCI00031027 ;Laguna,SC,Brasil;SC;Pessoa Jurídica
DUGONGO **************************;Indústria de pesca;SCI00034235 ;Lontras,SC,Brasil;SC;Pessoa Jurídica
EBP ***********************************;Indústria de pesca;CEI00001956 ;Itarema,CE,Brasil;CE;Pessoa Jurídica
ECOFISH **************************;Indústria de pesca;MGI00043148 ;Uberlândia,MG,Brasil;MG;Pessoa Jurídica
ECOMAR **********************;Indústria de pesca, Proprietário de embarcação;PAI00000048 ;Vigia,PA,Brasil;PA;Pessoa Jurídica
ECOTOP ***********************************************;Indústria de pesca;RJI00042786 ;Rio de Janeiro,RJ,Brasil;RJ;Pessoa Jurídica
EDENICIO ********************;Indústria de pesca;SCI00033265 ;Penha,SC,Brasil;SC;Pessoa Jurídica
E *********************;Indústria de pesca;PAI00043966 ;Santarém,PA,Brasil;PA;Pessoa Jurídica
EDILENE **********;Indústria de pesca;SCI00033287 ;Penha,SC,Brasil;SC;Pessoa Jurídica
EDILENE **********;Indústria de pesca;SCI00033287 ;Penha,SC,Brasil;SC;Pessoa Jurídica
EDMILSON **********************;Indústria de pesca;BAI00032207 ;Porto Seguro,BA,Brasil;BA;Pessoa Jurídica
EDUARDO ********************;Indústria de pesca;BAI00024620 ;Prado,BA,Brasil;BA;Pessoa Jurídica
EL *******************************;Indústria de pesca;CEI00042388 ;Extremoz,RN,Brasil;CE;Pessoa Jurídica
ELISABETE *************************;Indústria de pesca;PRI00030909 ;Antonina,PR,Brasil;PR;Pessoa Jurídica
ELISABETE *************************;Indústria de pesca;PRI00030909 ;Antonina,PR,Brasil;PR;Pessoa Jurídica
ELISANDRO ******;Indústria de pesca;SCI00031509 ;Porto Belo,SC,Brasil;SC;Pessoa Jurídica
ELISANDRO ******;Indústria de pesca;SCI00031509 ;Porto Belo,SC,Brasil;SC;Pessoa Jurídica
ELISETE ******************;Indústria de pesca;SCI00037981 ;Laguna,SC,Brasil;SC;Pessoa Jurídica
ELISETE ******************;Indústria de pesca;SCI00037981 ;Laguna,SC,Brasil;SC;Pessoa Jurídica
ELISETE ******************;Indústria de pesca;SCI00037981 ;Laguna,SC,Brasil;SC;Pessoa Jurídica
ELITE *************************************;Indústria de pesca;PAI00043950 ;Santarém,PA,Brasil;PA;Pessoa Jurídica
EL ********************************************************;Indústria de pesca;SCI00043080 ;Itajaí,SC,Brasil;SC;Pessoa Jurídica
ELTON ************************;Indústria de pesca;SCI00039785 ;Laguna,SC,Brasil;SC;Pessoa Jurídica
EMPÓRIO *****************************************;Indústria de pesca;MGI00026648 ;Ribeirão das Neves,MG,Brasil;MG;Pessoa Jurídica
EMPREENDIMENTO ******************************;Indústria de pesca;SPI00034457 ;São Paulo,SP,Brasil;SP;Pessoa Jurídica
EMPREENDIMENTO ******************************;Indústria de pesca;SCI00034551 ;Itajaí,SC,Brasil;SC;Pessoa Jurídica
Empresa ********************;Indústria de pesca, Proprietário de embarcação;RJI00017127 ;Niterói,RJ,Brasil;RJ;Pessoa Jurídica
Empresa ***********************************;Indústria de pesca;RJI00003286 ;Casimiro de Abreu,RJ,Brasil;RJ;Pessoa Jurídica
ENIVIX ****;Indústria de pesca;SCI00034285 ;Itajaí,SC,Brasil;SC;Pessoa Jurídica
ENSEG **************************;Indústria de pesca, Licença de aquicultor;RNI00032289,RNU11524020 ;Natal,RN,Brasil;RN;Pessoa Jurídica
ENTREPOSTO **************************;Indústria de pesca;MGI00034495 ;Patrocínio,MG,Brasil;MG;Pessoa Jurídica
ENTREPOSTO *******************************;Indústria de pesca, Licença de aquicultor;MGI00025138,MGU11403018 ;Prata,MG,Brasil;MG;Pessoa Jurídica
ENTREPOSTO *******************************;Indústria de pesca;SCI00034327 ;Vitor Meireles,SC,Brasil;SC;Pessoa Jurídica
EPITACIO *************************;Indústria de pesca;PEI00041170 ;Recife,PE,Brasil;PE;Pessoa Jurídica
ERICK *******************;Indústria de pesca;RSI00044196 ;Rio Grande,RS,Brasil;RS;Pessoa Jurídica
ESTEFANO **********************;Indústria de pesca;PRI00030937 ;Guaratuba,PR,Brasil;PR;Pessoa Jurídica
ESTEFANO **********************;Indústria de pesca;PRI00030937 ;Guaratuba,PR,Brasil;PR;Pessoa Jurídica
Estrela **************************************;Indústria de pesca;SPI00042980 ;São Paulo,SP,Brasil;SP;Pessoa Jurídica
ESTUARIO *************************;Indústria de pesca, Licença de aquicultor;RJI00043278,RJU11577488 ;Mangaratiba,RJ,Brasil;RJ;Pessoa Jurídica
EUCIAS *************;Indústria de pesca;AMI00040956 ;Fonte Boa,AM,Brasil;AM;Pessoa Jurídica
Eunice ************;Indústria de pesca;RSI00042576 ;Tramandaí,RS,Brasil;RS;Pessoa Jurídica
EXPOL ****************************;Indústria de pesca;SPI00033925 ;Jacareí,SP,Brasil;SP;Pessoa Jurídica
FACO ******************************;Indústria de pesca;BAI00024514 ;Canavieiras,BA,Brasil;BA;Pessoa Jurídica
FAIFS ****************;Indústria de pesca;RNI00035727 ;Parnamirim,RN,Brasil;RN;Pessoa Jurídica
F ***********************;Indústria de pesca;PAI00005986 ;Vigia,PA,Brasil;PA;Pessoa Jurídica
F ***********************;Indústria de pesca;PAI00005986 ;Vigia,PA,Brasil;PA;Pessoa Jurídica
FAROL ************************;Indústria de pesca;SCI00042060 ;Itajaí,SC,Brasil;SC;Pessoa Jurídica
FAROL **************************;Indústria de pesca;SCI00032691 ;Biguaçu,SC,Brasil;SC;Pessoa Jurídica
FBR4 *****************************;Indústria de pesca;RJI00003316 ;Rio de Janeiro,RJ,Brasil;RJ;Pessoa Jurídica
FC *************************************;Indústria de pesca;PRI00041686 ;Maringá,PR,Brasil;PR;Pessoa Jurídica
F ****************************;Indústria de pesca;BAI00026870 ;Alcobaça,BA,Brasil;BA;Pessoa Jurídica
FED. **********************;Indústria de pesca;AMI00024476 ;Manaus,AM,Brasil;AM;Pessoa Jurídica
FED. **********************;Indústria de pesca;AMI00024476 ;Manaus,AM,Brasil;AM;Pessoa Jurídica
FERREIRA ***************************;Indústria de pesca;SCI00035731 ;Navegantes,SC,Brasil;SC;Pessoa Jurídica
FERREIRA *****************************************************************;Indústria de pesca;SCI00042128 ;Itajaí,SC,Brasil;SC;Pessoa Jurídica
FERREIRA *****************************************************************;Indústria de pesca;SCI00042128 ;Itajaí,SC,Brasil;SC;Pessoa Jurídica
F ************************************;Indústria de pesca;PAI00038567 ;Belém,PA,Brasil;PA;Pessoa Jurídica
FIPESCA *****************************************;Indústria de pesca;SPI00034809 ;São Paulo,SP,Brasil;SP;Pessoa Jurídica
FISH *****************;Indústria de pesca;PAI00041514 ;Belém,PA,Brasil;PA;Pessoa Jurídica
FISH *****************;Indústria de pesca;PAI00041514 ;Belém,PA,Brasil;PA;Pessoa Jurídica
FISH ********************;Indústria de pesca;SCI00044390 ;Laguna,SC,Brasil;SC;Pessoa Jurídica
FISHES *********************************;Indústria de pesca;ESI00038555 ;Piúma,ES,Brasil;ES;Pessoa Jurídica
FISH-LIFE *********************************;Indústria de pesca;SCI00025508 ;Itajaí,SC,Brasil;SC;Pessoa Jurídica
FISH ***************;Indústria de pesca;API00035409 ;Oiapoque,AP,Brasil;AP;Pessoa Jurídica
FKC ***************************;Indústria de pesca;CEI00033821 ;Fortaleza,CE,Brasil;CE;Pessoa Jurídica
FLORENCIO *************;Indústria de pesca;SCI00043290 ;Porto Belo,SC,Brasil;SC;Pessoa Jurídica
FORTE *********************************************;Indústria de pesca;PAI00018571 ;Belém,PA,Brasil;PA;Pessoa Jurídica
FORT *******************************************;Indústria de pesca;SCI00027234 ;Navegantes,SC,Brasil;SC;Pessoa Jurídica
FRANCISCO ***********;Indústria de pesca;SCI00034525 ;Tijucas,SC,Brasil;SC;Pessoa Jurídica
FRANCISCO ***************;Indústria de pesca;CEI00042398 ;Icapuí,CE,Brasil;CE;Pessoa Jurídica
FRANCISCO ***********************;Indústria de pesca;CEI00033451 ;Fortaleza,CE,Brasil;CE;Pessoa Jurídica
Francisco ********************;Indústria de pesca, Licença de aquicultor;PEI00043998,PEU00003246 ;Igarassu,PE,Brasil;PE;Pessoa Jurídica
FRANCISCO *************************;Indústria de pesca;SPI00034407 ;São Paulo,SP,Brasil;SP;Pessoa Jurídica
FRANCISCO ***********;Indústria de pesca;AMI00041506 ;Manaus,AM,Brasil;AM;Pessoa Jurídica
Franzese **********************************;Indústria de pesca;SPI00026336 ;Guarujá,SP,Brasil;SP;Pessoa Jurídica
Fresh ******************;Indústria de pesca, Proprietário de embarcação;PAI00031695 ;Belém,PA,Brasil;PA;Pessoa Jurídica
FRESH ********************;Indústria de pesca;PAI00028674 ;Belém,PA,Brasil;PA;Pessoa Jurídica
FRIGOBOX *************************;Indústria de pesca;BAI00028148 ;Salvador,BA,Brasil;BA;Pessoa Jurídica
FRIGOPEIXE **************************************;Indústria de pesca;AMI00035811 ;Tefé,AM,Brasil;AM;Pessoa Jurídica
FRIGOPESCA ;Indústria de pesca;AMI00036269 ;Manacapuru,AM,Brasil;AM;Pessoa Jurídica
FRIGORICO ***********;Indústria de pesca;SPI00034785 ;São Paulo,SP,Brasil;SP;Pessoa Jurídica
FRIGORÍFICO *****************;Indústria de pesca;AMI00036515 ;Manacapuru,AM,Brasil;AM;Pessoa Jurídica
FRIGORIFICO ***********************************;Indústria de pesca;API00035311 ;Santana,AP,Brasil;AP;Pessoa Jurídica
FRIGORIFICO *********************;Indústria de pesca;SPI00043214 ;Santa Albertina,SP,Brasil;SP;Pessoa Jurídica
FRIGORIFICO ******************************;Indústria de pesca;SPI00033099 ;São Paulo,SP,Brasil;SP;Pessoa Jurídica
FRIGORÍFICO ***********;Indústria de pesca;MGI00035197 ;Contagem,MG,Brasil;MG;Pessoa Jurídica
FRIGORIFICO *********;Indústria de pesca;RJI00034681 ;Duque de Caxias,RJ,Brasil;RJ;Pessoa Jurídica
FRIGORIFICO *********;Indústria de pesca;DFI00043578 ;Brasília,DF,Brasil;DF;Pessoa Jurídica
FRIGORIFICO ********;Indústria de pesca;BAI00026820 ;Valença,BA,Brasil;BA;Pessoa Jurídica
FRIGORIFICO ******************;Indústria de pesca;RNI00042800 ;Canguaretama,RN,Brasil;RN;Pessoa Jurídica
FRIGORIFICO *************;Indústria de pesca;AMI00039297 ;Fonte Boa,AM,Brasil;AM;Pessoa Jurídica
FRIGORÍFICO *******;Indústria de pesca;AMI00038975 ;Itacoatiara,AM,Brasil;AM;Pessoa Jurídica
Frigorífico ***********;Indústria de pesca;AMI00044016 ;Codajás,AM,Brasil;AM;Pessoa Jurídica
FRIGORIFICO ******************;Indústria de pesca;PAI00038339 ;Salvaterra,PA,Brasil;PA;Pessoa Jurídica
FRIGORIFICO *********************;Indústria de pesca;MGI00039917 ;Morada Nova de Minas,MG,Brasil;MG;Pessoa Jurídica
FRIOLINS *************************************;Indústria de pesca;AMI00036275 ;Manacapuru,AM,Brasil;AM;Pessoa Jurídica
FRIOPART **************************;Indústria de pesca;SPI00034439 ;Jandira,SP,Brasil;SP;Pessoa Jurídica
Friozem **************************;Indústria de pesca;RSI00033871 ;Esteio,RS,Brasil;RS;Pessoa Jurídica
FRIPEIXES **********;Indústria de pesca;PRI00036911 ;Terra Rica,PR,Brasil;PR;Pessoa Jurídica
FRUMAR ******************;Indústria de pesca;SCI00027298 ;Tijucas,SC,Brasil;SC;Pessoa Jurídica
FRUMAR ******************;Indústria de pesca;SCI00027298 ;Tijucas,SC,Brasil;SC;Pessoa Jurídica
FRUMAR ******************;Indústria de pesca;SCI00027298 ;Tijucas,SC,Brasil;SC;Pessoa Jurídica
FRUTOS **********************************************;Indústria de pesca;RJI00003898 ;Rio de Janeiro,RJ,Brasil;RJ;Pessoa Jurídica
FUNCHAL ******************************************;Indústria de pesca;SPI00033727 ;São Paulo,SP,Brasil;SP;Pessoa Jurídica
GAROUPA **************************************;Indústria de pesca;SPI00033549 ;São Paulo,SP,Brasil;SP;Pessoa Jurídica
GAROUPA *************************************************;Indústria de pesca;SCI00039995 ;Itajaí,SC,Brasil;SC;Pessoa Jurídica
GAT ******************************;Indústria de pesca;SPI00033527 ;São Paulo,SP,Brasil;SP;Pessoa Jurídica
GCT ************************;Indústria de pesca;BAI00026108 ;Alcobaça,BA,Brasil;BA;Pessoa Jurídica
GDC **************;Indústria de pesca;SCI00003156 ;Itajaí,SC,Brasil;SC;Pessoa Jurídica
GDC **************;Indústria de pesca;SCI00003156 ;Itajaí,SC,Brasil;SC;Pessoa Jurídica
GELSON ***************;Indústria de pesca;SCI00034025 ;Itapema,SC,Brasil;SC;Pessoa Jurídica
GENESIS **************************************;Indústria de pesca;SCI00037897 ;Jaguaruna,SC,Brasil;SC;Pessoa Jurídica
GERBI **********************************************************;Indústria de pesca;SPI00003324 ;Estiva Gerbi,SP,Brasil;SP;Pessoa Jurídica
GILNEI ********************;Indústria de pesca;RSI00020496 ;São José do Norte,RS,Brasil;RS;Pessoa Jurídica
GILVAN *******************;Indústria de pesca, Proprietário de embarcação;PAI00002250 ;Bragança,PA,Brasil;PA;Pessoa Jurídica
GLOBAL ***********************;Indústria de pesca, Registro de aquicultor;SPI00035941,SPR11570330 ;Santa Clara d`Oeste,SP,Brasil;SP;Pessoa Jurídica
Goldfish *************************;Indústria de pesca, Proprietário de embarcação;PAI00001718 ;Belém,PA,Brasil;PA;Pessoa Jurídica
GOLFINHO ****************************************************;Indústria de pesca;SCI00033389 ;Biguaçu,SC,Brasil;SC;Pessoa Jurídica
GOLFINHO ****************************************************;Indústria de pesca;SCI00033389 ;Biguaçu,SC,Brasil;SC;Pessoa Jurídica
GOLFO *********************************;Indústria de pesca;SCI00030311 ;Itajaí,SC,Brasil;SC;Pessoa Jurídica
GONDOMAR ***********************************************;Indústria de pesca;CEI00039525 ;Fortaleza,CE,Brasil;CE;Pessoa Jurídica
GOUVEIA ******************************************;Indústria de pesca;PRI00030799 ;Guaratuba,PR,Brasil;PR;Pessoa Jurídica
GROSSO *******************************;Indústria de pesca;AMI00040914 ;Juruá,AM,Brasil;AM;Pessoa Jurídica
G. ******************;Indústria de pesca;BAI00026214 ;Prado,BA,Brasil;BA;Pessoa Jurídica
GUIFFER ***************************************;Indústria de pesca;PRI00038287 ;Colombo,PR,Brasil;PR;Pessoa Jurídica
GUSTAVO **************************;Indústria de pesca;SCI00044038 ;Imaruí,SC,Brasil;SC;Pessoa Jurídica
H ************;Indústria de pesca;CEI00035909 ;Pindoretama,CE,Brasil;CE;Pessoa Jurídica
HAVITA ****************************;Indústria de pesca;SCI00034605 ;Itajaí,SC,Brasil;SC;Pessoa Jurídica
HAVITA ****************************;Indústria de pesca;SPI00033567 ;Mairinque,SP,Brasil;SP;Pessoa Jurídica
Hector *********************;Indústria de pesca;SCI00031657 ;Laguna,SC,Brasil;SC;Pessoa Jurídica
HELIO **************************;Indústria de pesca;BAI00030125 ;Belmonte,BA,Brasil;BA;Pessoa Jurídica
HIRO *****************************;Indústria de pesca;SPI00033517 ;São Paulo,SP,Brasil;SP;Pessoa Jurídica
H ******************************************;Indústria de pesca, Proprietário de embarcação;CEI00037615 ;Fortaleza,CE,Brasil;CE;Pessoa Jurídica
HOLAMAR-INDUSTRIA, *****************************************;Indústria de pesca;SCI00036139 ;Penha,SC,Brasil;SC;Pessoa Jurídica
H. **************;Indústria de pesca;API00035571 ;Macapá,AP,Brasil;AP;Pessoa Jurídica
HUGO *****************;Indústria de pesca;SPI00044500 ;Porto Ferreira,SP,Brasil;SP;Pessoa Jurídica
ICAPEL *****************;Indústria de pesca, Proprietário de embarcação;CEI00031485 ;Icapuí,CE,Brasil;CE;Pessoa Jurídica
ICAPEL *****************;Indústria de pesca, Proprietário de embarcação;CEI00031485 ;Icapuí,CE,Brasil;CE;Pessoa Jurídica
ICAP **************************************;Indústria de pesca;SCI00027340 ;Porto Belo,SC,Brasil;SC;Pessoa Jurídica
ICAP **************************************;Indústria de pesca;SCI00027340 ;Porto Belo,SC,Brasil;SC;Pessoa Jurídica
IGLU ****************************;Indústria de pesca;SPI00034467 ;Marília,SP,Brasil;SP;Pessoa Jurídica
IGLU ****************************;Indústria de pesca;SPI00034471 ;São José do Rio Pardo,SP,Brasil;SP;Pessoa Jurídica
IH ************************************;Indústria de pesca;SCI00043498 ;Laguna,SC,Brasil;SC;Pessoa Jurídica
IMBITUBA *************************************************************;Indústria de pesca;SCI00033395 ;Imbituba,SC,Brasil;SC;Pessoa Jurídica
IMCOPESC **************************************;Indústria de pesca;SPI00035835 ;São Paulo,SP,Brasil;SP;Pessoa Jurídica
IMCOPESC **************************************;Indústria de pesca;SPI00035835 ;São Paulo,SP,Brasil;SP;Pessoa Jurídica
IMPÉRIO ***************;Indústria de pesca;PAI00043386 ;Belém,PA,Brasil;PA;Pessoa Jurídica
IMPULSE **********************************************;Indústria de pesca;SPI00030847 ;Americana,SP,Brasil;SP;Pessoa Jurídica
IMPULSE **********************************************;Indústria de pesca;SCI00031269 ;Balneário Camboriú,SC,Brasil;SC;Pessoa Jurídica
INCOPE-INDUSTRIA ***************************;Indústria de pesca;MGI00021394 ;Nova Ponte,MG,Brasil;MG;Pessoa Jurídica
INDÚSTRIA ******************************************;Indústria de pesca;MGI00035187 ;Belo Horizonte,MG,Brasil;MG;Pessoa Jurídica
INDUSTRIA *********************;Indústria de pesca, Registro de aquicultor;RNI00035705,RNR11434080 ;São Pedro da Aldeia,RJ,Brasil;RN;Pessoa Jurídica
INDUSTRIA *********************;Indústria de pesca;RJI00035589 ;Macaíba,RN,Brasil;RJ;Pessoa Jurídica
INDUSTRIA ***************************************;Indústria de pesca;RJI00043344 ;Cabo Frio,RJ,Brasil;RJ;Pessoa Jurídica
INDÚSTRIA **********************;Indústria de pesca;SCI00041960 ;Biguaçu,SC,Brasil;SC;Pessoa Jurídica
INDUSTRIA **********************************************;Indústria de pesca;RJI00035755 ;Tanguá,RJ,Brasil;RJ;Pessoa Jurídica
INDÚSTRIA ************************************;Indústria de pesca;SPI00034391 ;São Paulo,SP,Brasil;SP;Pessoa Jurídica
INDÚSTRIA ************************************;Indústria de pesca;SPI00034815 ;Ubatuba,SP,Brasil;SP;Pessoa Jurídica
Industria ************************************;Indústria de pesca;PRI00031877 ;Arapongas,PR,Brasil;PR;Pessoa Jurídica
Industria ************************************;Indústria de pesca;PRI00031877 ;Arapongas,PR,Brasil;PR;Pessoa Jurídica
Industria *******************************************;Indústria de pesca;PRI00031881 ;Arapongas,PR,Brasil;PR;Pessoa Jurídica
Indústria ***********************************;Indústria de pesca;RSI00000356 ;Rio Grande,RS,Brasil;RS;Pessoa Jurídica
INDÚSTRIA *************************************;Indústria de pesca;SCI00003178 ;Itapema,SC,Brasil;SC;Pessoa Jurídica
Indústria **********************************;Indústria de pesca;RSI00000418 ;Rio Grande,RS,Brasil;RS;Pessoa Jurídica
INDUSTRIA ***********************************;Indústria de pesca;SCI00031407 ;Penha,SC,Brasil;SC;Pessoa Jurídica
INDUSTRIA ********************************************;Indústria de pesca;SCI00043504 ;Laguna,SC,Brasil;SC;Pessoa Jurídica
INDÚSTRIA ********************************************;Indústria de pesca;SCI00043660 ;Laguna,SC,Brasil;SC;Pessoa Jurídica
INDÚSTRIA ***********************************;Indústria de pesca;SCI00033371 ;Imaruí,SC,Brasil;SC;Pessoa Jurídica
INDÚSTRIA ***********************************;Indústria de pesca;SCI00033371 ;Imaruí,SC,Brasil;SC;Pessoa Jurídica
INDUSTRIAS *****************************;Indústria de pesca, Proprietário de embarcação;RSI00000646 ;Rio Grande,RS,Brasil;RS;Pessoa Jurídica
INDUSTRIAS *****************************;Indústria de pesca, Proprietário de embarcação;RSI00000646 ;Rio Grande,RS,Brasil;RS;Pessoa Jurídica
INTERFRIOS **************************;Indústria de pesca;CEI00032397 ;Fortaleza,CE,Brasil;CE;Pessoa Jurídica
INVESTIMAR *********************;Indústria de pesca;SCI00037431 ;Itajaí,SC,Brasil;SC;Pessoa Jurídica
IPesca *************************;Indústria de pesca, Proprietário de embarcação;CEI00035625 ;Fortaleza,CE,Brasil;CE;Pessoa Jurídica
IPesca *************************;Indústria de pesca, Proprietário de embarcação;CEI00035625 ;Fortaleza,CE,Brasil;CE;Pessoa Jurídica
Ipesca *****************************;Indústria de pesca;PAI00031065 ;Belém,PA,Brasil;PA;Pessoa Jurídica
Ipesca *****************************;Indústria de pesca;PAI00031065 ;Belém,PA,Brasil;PA;Pessoa Jurídica
Ipesca *****************************;Indústria de pesca;PAI00031065 ;Belém,PA,Brasil;PA;Pessoa Jurídica
Ipesca *****************************;Indústria de pesca;PAI00031065 ;Belém,PA,Brasil;PA;Pessoa Jurídica
IPESCA ************************;Indústria de pesca;BAI00039967 ;Porto Seguro,BA,Brasil;BA;Pessoa Jurídica
IRANDUBA ***********************;Indústria de pesca;AMI00036577 ;Iranduba,AM,Brasil;AM;Pessoa Jurídica
IRMAOS **********************;Indústria de pesca;PAI00001428 ;Belém,PA,Brasil;PA;Pessoa Jurídica
ITALPESCA **************************************;Indústria de pesca;SCI00033951 ;Itajaí,SC,Brasil;SC;Pessoa Jurídica
IVAN *********************;Indústria de pesca;AMI00036559 ;Manaus,AM,Brasil;AM;Pessoa Jurídica
IVO ***************************;Indústria de pesca;PRI00038437 ;Guaratuba,PR,Brasil;PR;Pessoa Jurídica
IVO **********************;Indústria de pesca;PRI00032977 ;Guaratuba,PR,Brasil;PR;Pessoa Jurídica
IZAQUE **********************;Indústria de pesca;AMI00040928 ;Jutaí,AM,Brasil;AM;Pessoa Jurídica
J3 ********************************************************************;Indústria de pesca;CEI00031497 ;Icapuí,CE,Brasil;CE;Pessoa Jurídica
J3 ********************************************************************;Indústria de pesca;CEI00031497 ;Icapuí,CE,Brasil;CE;Pessoa Jurídica
J3 ********************************************************************;Indústria de pesca;CEI00031497 ;Icapuí,CE,Brasil;CE;Pessoa Jurídica
J ************************;Indústria de pesca;PAI00043474 ;Vigia,PA,Brasil;PA;Pessoa Jurídica
J.A.F. **********************************************;Indústria de pesca;SCI00030767 ;Penha,SC,Brasil;SC;Pessoa Jurídica
J.A.F. **********************************************;Indústria de pesca;SCI00030767 ;Penha,SC,Brasil;SC;Pessoa Jurídica
JAMISON **************;Indústria de pesca;SCI00034569 ;Laguna,SC,Brasil;SC;Pessoa Jurídica
JAMISON **************;Indústria de pesca;SCI00034569 ;Laguna,SC,Brasil;SC;Pessoa Jurídica
JASMAR *********************;Indústria de pesca;SCI00032159 ;Penha,SC,Brasil;SC;Pessoa Jurídica
JBM ***************************************;Indústria de pesca;BAI00043974 ;Salvador,BA,Brasil;BA;Pessoa Jurídica
JBM ***************************************;Indústria de pesca;BAI00043974 ;Salvador,BA,Brasil;BA;Pessoa Jurídica
J **********************************************************;Indústria de pesca;PAI00038997 ;Belém,PA,Brasil;PA;Pessoa Jurídica
JBS ***;Indústria de pesca;SPI00044418 ;Bauru,SP,Brasil;SP;Pessoa Jurídica
J *******************************;Indústria de pesca;PAI00001536 ;Bragança,PA,Brasil;PA;Pessoa Jurídica
Jerri **********************;Indústria de pesca;RSI00035299 ;Rio Grande,RS,Brasil;RS;Pessoa Jurídica
JESSICA *******************;Indústria de pesca;PAI00028796 ;Bragança,PA,Brasil;PA;Pessoa Jurídica
JF *************;Indústria de pesca;PRI00037141 ;Colombo,PR,Brasil;PR;Pessoa Jurídica
J.GONÇALVES ************************;Indústria de pesca, Proprietário de embarcação;SCI00021658 ;Navegantes,SC,Brasil;SC;Pessoa Jurídica
J *********************;Indústria de pesca;MSI00043924 ;Bela Vista,MS,Brasil;MS;Pessoa Jurídica
JJ ********************;Indústria de pesca;AMI00036065 ;Iranduba,AM,Brasil;AM;Pessoa Jurídica
J. *******************;Indústria de pesca;RSI00000390 ;São Lourenço do Sul,RS,Brasil;RS;Pessoa Jurídica
J. *******************;Indústria de pesca;RSI00000390 ;São Lourenço do Sul,RS,Brasil;RS;Pessoa Jurídica
J.L ****************;Indústria de pesca;RSI00035255 ;Porto Alegre,RS,Brasil;RS;Pessoa Jurídica
J.L.CUNHA **********;Indústria de pesca;SPI00033679 ;São Paulo,SP,Brasil;SP;Pessoa Jurídica
J ****************;Indústria de pesca;API00039707 ;Calçoene,AP,Brasil;AP;Pessoa Jurídica
J ************************;Indústria de pesca;PAI00044024 ;Santarém,PA,Brasil;PA;Pessoa Jurídica
JMA ****************;Indústria de pesca;PRI00037449 ;Colombo,PR,Brasil;PR;Pessoa Jurídica
J ************************************;Indústria de pesca;AMI00040860 ;Parintins,AM,Brasil;AM;Pessoa Jurídica
JMQ ***************************************************;Indústria de pesca;MGI00035205 ;Sarzedo,MG,Brasil;MG;Pessoa Jurídica
JMS *************************************;Indústria de pesca;SCI00027048 ;Penha,SC,Brasil;SC;Pessoa Jurídica
J.M.T. ****************************;Indústria de pesca, Registro de aquicultor;PRI00033947,PRR11447310 ;Rolândia,PR,Brasil;PR;Pessoa Jurídica
JOAO *****************;Indústria de pesca;SCI00043988 ;Camboriú,SC,Brasil;SC;Pessoa Jurídica
JOAO *******************;Indústria de pesca;SCI00038357 ;Garopaba,SC,Brasil;SC;Pessoa Jurídica
JOÃO ****************************;Indústria de pesca;SCI00042838 ;Porto Belo,SC,Brasil;SC;Pessoa Jurídica
JOÃO ***************;Indústria de pesca;BAI00030307 ;Prado,BA,Brasil;BA;Pessoa Jurídica
JOÃO **********************;Indústria de pesca;PRI00034211 ;Guaratuba,PR,Brasil;PR;Pessoa Jurídica
JOILTON ******************;Indústria de pesca;BAI00026018 ;Ilhéus,BA,Brasil;BA;Pessoa Jurídica
JORGE ************;Indústria de pesca;SPI00034131 ;São Paulo,SP,Brasil;SP;Pessoa Jurídica
JOSÉ ************************;Indústria de pesca;SCI00034699 ;Navegantes,SC,Brasil;SC;Pessoa Jurídica
JOSE **********************;Indústria de pesca;AMI00039315 ;Coari,AM,Brasil;AM;Pessoa Jurídica
José **************************;Indústria de pesca;AMI00035885 ;Manaus,AM,Brasil;AM;Pessoa Jurídica
JOSÉ ******************************;Indústria de pesca;SPI00034177 ;São Paulo,SP,Brasil;SP;Pessoa Jurídica
JOSE *******************;Indústria de pesca;SCI00032007 ;Balneário Piçarras,SC,Brasil;SC;Pessoa Jurídica
JOSE *************************;Indústria de pesca;SPI00042954 ;Mogi das Cruzes,SP,Brasil;SP;Pessoa Jurídica
JOSETE ************************;Indústria de pesca;BAI00024700 ;Ilhéus,BA,Brasil;BA;Pessoa Jurídica
JOSIANE **************;Indústria de pesca;SCI00039747 ;Imaruí,SC,Brasil;SC;Pessoa Jurídica
JP ************************************;Indústria de pesca;SPI00033129 ;São Paulo,SP,Brasil;SP;Pessoa Jurídica
JR **********************;Indústria de pesca;PAI00032239 ;Belém,PA,Brasil;PA;Pessoa Jurídica
JRS ****************;Indústria de pesca;SCI00027088 ;Itajaí,SC,Brasil;SC;Pessoa Jurídica
JS ***********************************;Indústria de pesca;SCI00020446 ;Itajaí,SC,Brasil;SC;Pessoa Jurídica
J ****************;Indústria de pesca;AMI00040884 ;Jutaí,AM,Brasil;AM;Pessoa Jurídica
JUDICE ******************;Indústria de pesca;BAI00027314 ;Alcobaça,BA,Brasil;BA;Pessoa Jurídica
KALEFA *************************************;Indústria de pesca;SPI00033497 ;Indaiatuba,SP,Brasil;SP;Pessoa Jurídica
KALEFA *************************************;Indústria de pesca;SPI00033497 ;Indaiatuba,SP,Brasil;SP;Pessoa Jurídica
KANEMAR **********************;Indústria de pesca;SPI00003496 ;São Paulo,SP,Brasil;SP;Pessoa Jurídica
KARDUME ***************************;Indústria de pesca;AMI00038741 ;Manaus,AM,Brasil;AM;Pessoa Jurídica
KDN *************************************;Indústria de pesca;SCI00025576 ;Porto Belo,SC,Brasil;SC;Pessoa Jurídica
KDN *************************************;Indústria de pesca;SCI00025576 ;Porto Belo,SC,Brasil;SC;Pessoa Jurídica
kele ***************;Indústria de pesca;AMI00043626 ;Manaus,AM,Brasil;AM;Pessoa Jurídica
KING *******************************************;Indústria de pesca;PAI00041670 ;Ananindeua,PA,Brasil;PA;Pessoa Jurídica
KINHA *******************;Indústria de pesca;PRI00033049 ;Guaratuba,PR,Brasil;PR;Pessoa Jurídica
KIYOTO *************************;Indústria de pesca;SPI00034837 ;São Paulo,SP,Brasil;SP;Pessoa Jurídica
KLEBER ******************;Indústria de pesca;CEI00035277 ;Cascavel,CE,Brasil;CE;Pessoa Jurídica
KOMLOG ***************;Indústria de pesca;SCI00027196 ;Tijucas,SC,Brasil;SC;Pessoa Jurídica
KOMLOG ***************;Indústria de pesca;SCI00027196 ;Tijucas,SC,Brasil;SC;Pessoa Jurídica
LA *************************************************;Indústria de pesca;SCI00038737 ;Laguna,SC,Brasil;SC;Pessoa Jurídica
LAGOMAR ********************************;Indústria de pesca;SCI00034597 ;Laguna,SC,Brasil;SC;Pessoa Jurídica
LAGOSTÃO ********************************;Indústria de pesca;SPI00033505 ;São Paulo,SP,Brasil;SP;Pessoa Jurídica
LAGUBRAS *******************************;Indústria de pesca;SCI00030267 ;Laguna,SC,Brasil;SC;Pessoa Jurídica
LAGUNA ********************************;Indústria de pesca;SCI00030897 ;Laguna,SC,Brasil;SC;Pessoa Jurídica
LAGUNA ********************************;Indústria de pesca;SCI00030897 ;Laguna,SC,Brasil;SC;Pessoa Jurídica
LAGUNA ********************************;Indústria de pesca;SCI00030897 ;Laguna,SC,Brasil;SC;Pessoa Jurídica
LA ******************************************;Indústria de pesca;CEI00033447 ;Fortaleza,CE,Brasil;CE;Pessoa Jurídica
LARA ********************************;Indústria de pesca;PRI00032869 ;Guaratuba,PR,Brasil;PR;Pessoa Jurídica
LAURETE *********************************;Indústria de pesca;SPI00033709 ;São Paulo,SP,Brasil;SP;Pessoa Jurídica
LEAL *********************************************;Indústria de pesca;SCI00042268 ;Penha,SC,Brasil;SC;Pessoa Jurídica
LEARDINI ***************************************;Indústria de pesca;SCI00027338 ;Navegantes,SC,Brasil;SC;Pessoa Jurídica
LEE *********************************;Indústria de pesca;RSI00003366 ;Rio Grande,RS,Brasil;RS;Pessoa Jurídica
LEOMAR ****************;Indústria de pesca;RSI00044234 ;Chapada,RS,Brasil;RS;Pessoa Jurídica
L **********;Indústria de pesca;AMI00040834 ;Fonte Boa,AM,Brasil;AM;Pessoa Jurídica
LI ************************************;Indústria de pesca;PAI00018557 ;Belém,PA,Brasil;PA;Pessoa Jurídica
LITORAL **************************;Indústria de pesca;PBI00040650 ;João Pessoa,PB,Brasil;PB;Pessoa Jurídica
LITORAL ********************************;Indústria de pesca;SCI00029724 ;Navegantes,SC,Brasil;SC;Pessoa Jurídica
LITORAL *************;Indústria de pesca;DFI00040086 ;Brasília,DF,Brasil;DF;Pessoa Jurídica
L *****************************;Indústria de pesca;ESI00043318 ;Piúma,ES,Brasil;ES;Pessoa Jurídica
LM ****************************;Indústria de pesca;SPI00033209 ;Santos,SP,Brasil;SP;Pessoa Jurídica
Lopes **************;Indústria de pesca;MSI00041434 ;Coxim,MS,Brasil;MS;Pessoa Jurídica
LP *************************;Indústria de pesca, Registro de aquicultor;ALI00035477,ALR11570260 ;Piranhas,AL,Brasil;AL;Pessoa Jurídica
L ***************;Indústria de pesca;SCI00032097 ;Penha,SC,Brasil;SC;Pessoa Jurídica
L ***************;Indústria de pesca;SCI00032097 ;Penha,SC,Brasil;SC;Pessoa Jurídica
LS *********************************************************;Indústria de pesca;SCI00040254 ;Imaruí,SC,Brasil;SC;Pessoa Jurídica
LUIS *********************************;Indústria de pesca, Registro de aquicultor;PAI00042106,PAR11530740 ;Terra Alta,PA,Brasil;PA;Pessoa Jurídica
LUIZ *****************************;Indústria de pesca;PRI00030807 ;Guaratuba,PR,Brasil;PR;Pessoa Jurídica
LUIZ ***************;Indústria de pesca;SCI00043844 ;Itapema,SC,Brasil;SC;Pessoa Jurídica
LUIZ ***************;Indústria de pesca;BAI00028406 ;Porto Seguro,BA,Brasil;BA;Pessoa Jurídica
LUIZ ************************;Indústria de pesca;AMI00036189 ;Tefé,AM,Brasil;AM;Pessoa Jurídica
LUTEUS *************;Indústria de pesca;SCI00038947 ;Florianópolis,SC,Brasil;SC;Pessoa Jurídica
LUZ ******************************;Indústria de pesca;RNI00003786 ;Touros,RN,Brasil;RN;Pessoa Jurídica
LW ********************************************;Indústria de pesca;SCI00032011 ;Imaruí,SC,Brasil;SC;Pessoa Jurídica
M.A. ***************************;Indústria de pesca;BAI00029200 ;Alcobaça,BA,Brasil;BA;Pessoa Jurídica
MAFLO *********************************************;Indústria de pesca;SCI00035601 ;Navegantes,SC,Brasil;SC;Pessoa Jurídica
MANACAPURU ***************************;Indústria de pesca;AMI00036237 ;Manacapuru,AM,Brasil;AM;Pessoa Jurídica
MANOEL ******************************;Indústria de pesca;SCI00032687 ;Imaruí,SC,Brasil;SC;Pessoa Jurídica
Mar ***************************;Indústria de pesca;RSI00000408 ;Rio Grande,RS,Brasil;RS;Pessoa Jurídica
MAR *************************************************************************************;Indústria de pesca;RSI00040730 ;Rio Grande,RS,Brasil;RS;Pessoa Jurídica
MARCIO *************;Indústria de pesca;BAI00030119 ;Santa Cruz Cabrália,BA,Brasil;BA;Pessoa Jurídica
MARCIO *******************;Indústria de pesca;BAI00025098 ;Valença,BA,Brasil;BA;Pessoa Jurídica
MARCIO ****************;Indústria de pesca;SCI00029774 ;Barra Velha,SC,Brasil;SC;Pessoa Jurídica
MARCO ************************;Indústria de pesca;CEI00036827 ;Fortaleza,CE,Brasil;CE;Pessoa Jurídica
MARCOMAR **************************;Indústria de pesca;SPI00034075 ;São Paulo,SP,Brasil;SP;Pessoa Jurídica
MARCOS ******************;Indústria de pesca;SCI00031929 ;Tijucas,SC,Brasil;SC;Pessoa Jurídica
MARCOS ******************;Indústria de pesca;SCI00031929 ;Tijucas,SC,Brasil;SC;Pessoa Jurídica
MARCY ***********************;Indústria de pesca;SCI00043870 ;Bombinhas,SC,Brasil;SC;Pessoa Jurídica
MAR ************************************;Indústria de pesca;SCI00032825 ;Laguna,SC,Brasil;SC;Pessoa Jurídica
MAR **********************;Indústria de pesca;SCI00027388 ;Balneário Piçarras,SC,Brasil;SC;Pessoa Jurídica
Mar *********************************;Indústria de pesca;RJI00035857 ;Quissamã,RJ,Brasil;RJ;Pessoa Jurídica
MAR *****************************************;Indústria de pesca;PRI00031189 ;Guaratuba,PR,Brasil;PR;Pessoa Jurídica
MAR ************************************************************;Indústria de pesca;SPI00044436 ;São Paulo,SP,Brasil;SP;Pessoa Jurídica
MARE ******************************************************;Indústria de pesca;SCI00044130 ;Barra Velha,SC,Brasil;SC;Pessoa Jurídica
MARÉ *******************;Indústria de pesca;SCI00032665 ;Barra Velha,SC,Brasil;SC;Pessoa Jurídica
MARÉ *******************;Indústria de pesca;SCI00032665 ;Barra Velha,SC,Brasil;SC;Pessoa Jurídica
MAR *******************************************************;Indústria de pesca;SPI00043028 ;São José do Rio Preto,SP,Brasil;SP;Pessoa Jurídica
MAR *******************************************************;Indústria de pesca;SPI00043256 ;São Paulo,SP,Brasil;SP;Pessoa Jurídica
MAREXPORT *************;Indústria de pesca;RJI00003946 ;Rio de Janeiro,RJ,Brasil;RJ;Pessoa Jurídica
MARFRIG ****************;Indústria de pesca;PEI00035977 ;Recife,PE,Brasil;PE;Pessoa Jurídica
MARI *********************************************;Indústria de pesca;SCI00037757 ;Imbituba,SC,Brasil;SC;Pessoa Jurídica
Maricultura ********************;Indústria de pesca, Proprietário de embarcação;CEI00037561 ;Acaraú,CE,Brasil;CE;Pessoa Jurídica
MARICULTURA ********************************;Indústria de pesca;RNI00038951 ;Extremoz,RN,Brasil;RN;Pessoa Jurídica
MARINE ********************************;Indústria de pesca;CEI00038759 ;Fortaleza,CE,Brasil;CE;Pessoa Jurídica
MARINEIDE ************************;Indústria de pesca;BAI00030137 ;Porto Seguro,BA,Brasil;BA;Pessoa Jurídica
MARISCÃO *******************************************;Indústria de pesca;SCI00032177 ;Imaruí,SC,Brasil;SC;Pessoa Jurídica
MARNOBRE ****************************************;Indústria de pesca;SPI00033487 ;São Paulo,SP,Brasil;SP;Pessoa Jurídica
MAR **************************************;Indústria de pesca;SCI00034859 ;Palhoça,SC,Brasil;SC;Pessoa Jurídica
MAR **************************************;Indústria de pesca;SCI00034859 ;Palhoça,SC,Brasil;SC;Pessoa Jurídica
MARSUL ****************;Indústria de pesca;SCI00034337 ;Garuva,SC,Brasil;SC;Pessoa Jurídica
MAR *******************************************;Indústria de pesca;SCI00037905 ;Navegantes,SC,Brasil;SC;Pessoa Jurídica
MAR *******************************************;Indústria de pesca;SCI00037905 ;Navegantes,SC,Brasil;SC;Pessoa Jurídica
MAR ************************************;Indústria de pesca, Proprietário de embarcação;PAI00041318 ;Belém,PA,Brasil;PA;Pessoa Jurídica
MAR ********************************************;Indústria de pesca, Licença de aquicultor;MSI00043728,MSU00023480 ;Itaporã,MS,Brasil;MS;Pessoa Jurídica
MARTINS **************************;Indústria de pesca;CEI00044524 ;Fortaleza,CE,Brasil;CE;Pessoa Jurídica
MASTERMARES *************************;Indústria de pesca;RJI00043400 ;Rio de Janeiro,RJ,Brasil;RJ;Pessoa Jurídica
MATA ********************;Indústria de pesca;PEI00035437 ;Camutanga,PE,Brasil;PE;Pessoa Jurídica
Mauro *******************;Indústria de pesca;RSI00031107 ;Rio Grande,RS,Brasil;RS;Pessoa Jurídica
M.A.V ********;Indústria de pesca;PRI00041998 ;Guaratuba,PR,Brasil;PR;Pessoa Jurídica
MAXIM ***********;Indústria de pesca;RJI00043416 ;Rio de Janeiro,RJ,Brasil;RJ;Pessoa Jurídica
M ********************************;Indústria de pesca;SPI00037557 ;Rifaina,SP,Brasil;SP;Pessoa Jurídica
M ********************************;Indústria de pesca;SPI00037557 ;Rifaina,SP,Brasil;SP;Pessoa Jurídica
M **************************;Indústria de pesca;PAI00042526 ;Belém,PA,Brasil;PA;Pessoa Jurídica
M. **************;Indústria de pesca;BAI00026858 ;Ilhéus,BA,Brasil;BA;Pessoa Jurídica
M ****************************;Indústria de pesca;API00036701 ;Macapá,AP,Brasil;AP;Pessoa Jurídica
M ***********************;Indústria de pesca;AMI00036195 ;Tefé,AM,Brasil;AM;Pessoa Jurídica
MDM *************;Indústria de pesca;SCI00033401 ;Barra Velha,SC,Brasil;SC;Pessoa Jurídica
MEJIA ****************************************;Indústria de pesca;AMI00041644 ;Tabatinga,AM,Brasil;AM;Pessoa Jurídica
M *************************************************;Indústria de pesca;PAI00042366 ;Bragança,PA,Brasil;PA;Pessoa Jurídica
MERCAPESCA **********************;Indústria de pesca;SPI00034747 ;São Paulo,SP,Brasil;SP;Pessoa Jurídica
MERIDIONAL ***********************;Indústria de pesca;PAI00009706 ;Belém,PA,Brasil;PA;Pessoa Jurídica
MEU **************************************************;Indústria de pesca;SPI00033197 ;São Paulo,SP,Brasil;SP;Pessoa Jurídica
MG2 **************************************;Indústria de pesca;PEI00040826 ;Recife,PE,Brasil;PE;Pessoa Jurídica
MIAMI ****************************************;Indústria de pesca;SPI00033185 ;Cananéia,SP,Brasil;SP;Pessoa Jurídica
MIAMI ****************************************;Indústria de pesca;SPI00033889 ;Cananéia,SP,Brasil;SP;Pessoa Jurídica
MIAMI *******************************;Indústria de pesca;SPI00023978 ;Cananéia,SP,Brasil;SP;Pessoa Jurídica
MIAMI *******************************;Indústria de pesca;SPI00023978 ;Cananéia,SP,Brasil;SP;Pessoa Jurídica
MILA *********************************;Indústria de pesca;CEI00042374 ;Aracati,CE,Brasil;CE;Pessoa Jurídica
MILLENIUM *************************;Indústria de pesca;SPI00033135 ;São Paulo,SP,Brasil;SP;Pessoa Jurídica
MIL ********************************;Indústria de pesca;SCI00035507 ;Penha,SC,Brasil;SC;Pessoa Jurídica
MILTON ********************;Indústria de pesca;RSI00038345 ;Rio Grande,RS,Brasil;RS;Pessoa Jurídica
MINERVA ***;Indústria de pesca;SPI00034489 ;Araraquara,SP,Brasil;SP;Pessoa Jurídica
MIRAY ***************************************;Indústria de pesca;CEI00033919 ;Fortaleza,CE,Brasil;CE;Pessoa Jurídica
MIRAY ***************************************;Indústria de pesca;CEI00033919 ;Fortaleza,CE,Brasil;CE;Pessoa Jurídica
MIXPESCADOS *******************************;Indústria de pesca;RNI00042478 ;Canguaretama,RN,Brasil;RN;Pessoa Jurídica
MJC **********;Indústria de pesca;RJI00035799 ;Campos dos Goytacazes,RJ,Brasil;RJ;Pessoa Jurídica
MKT *********************************;Indústria de pesca;MGI00042428 ;Sarzedo,MG,Brasil;MG;Pessoa Jurídica
M ******************************************;Indústria de pesca;CEI00038839 ;Fortaleza,CE,Brasil;CE;Pessoa Jurídica
M *******************************************;Indústria de pesca;BAI00039699 ;Caiçara do Norte,RN,Brasil;BA;Pessoa Jurídica
M *******************************************;Indústria de pesca;CEI00041108 ;Alcobaça,BA,Brasil;CE;Pessoa Jurídica
M *******************************************;Indústria de pesca;CEI00040094 ;Piúma,ES,Brasil;CE;Pessoa Jurídica
M *******************************************;Indústria de pesca;RNI00041330 ;Acaraú,CE,Brasil;RN;Pessoa Jurídica
M *******************************************;Indústria de pesca;CEI00041136 ;Icapuí,CE,Brasil;CE;Pessoa Jurídica
MM *****************************************;Indústria de pesca;BAI00044486 ;Canavieiras,BA,Brasil;BA;Pessoa Jurídica
MM *****************************************;Indústria de pesca;BAI00041528 ;Porto Seguro,BA,Brasil;BA;Pessoa Jurídica
MOISES **********************************;Indústria de pesca;SPI00034445 ;São Paulo,SP,Brasil;SP;Pessoa Jurídica
MONTEIRO **************************;Indústria de pesca;CEI00003338 ;Itarema,CE,Brasil;CE;Pessoa Jurídica
MONTEIRO **************************;Indústria de pesca;CEI00003338 ;Itarema,CE,Brasil;CE;Pessoa Jurídica
MONTEIRO **************************;Indústria de pesca;CEI00003338 ;Itarema,CE,Brasil;CE;Pessoa Jurídica
MOROTA **************;Indústria de pesca;SPI00035897 ;São Paulo,SP,Brasil;SP;Pessoa Jurídica
MOURA ******************;Indústria de pesca;ALI00035175 ;Coruripe,AL,Brasil;AL;Pessoa Jurídica
M.R *******************;Indústria de pesca;AMI00041766 ;Iranduba,AM,Brasil;AM;Pessoa Jurídica
M **************************************;Indústria de pesca;PAI00039761 ;Vigia,PA,Brasil;PA;Pessoa Jurídica
M ************************************************************;Indústria de pesca;SCI00027364 ;Navegantes,SC,Brasil;SC;Pessoa Jurídica
M ************************************************************;Indústria de pesca;SCI00027364 ;Navegantes,SC,Brasil;SC;Pessoa Jurídica
MS *********************************************;Indústria de pesca;CEI00035517 ;Acaraú,CE,Brasil;CE;Pessoa Jurídica
MS *********************************************;Indústria de pesca;CEI00035517 ;Acaraú,CE,Brasil;CE;Pessoa Jurídica
MS *************;Indústria de pesca;PEI00032499 ;Recife,PE,Brasil;PE;Pessoa Jurídica
MULTI **************************************;Indústria de pesca;SCI00033419 ;Penha,SC,Brasil;SC;Pessoa Jurídica
MULTIPEIXE **********;Indústria de pesca;MGI00035231 ;Pará de Minas,MG,Brasil;MG;Pessoa Jurídica
MULT *************;Indústria de pesca;AMI00040138 ;Manacapuru,AM,Brasil;AM;Pessoa Jurídica
M ************************;Indústria de pesca;AMI00039711 ;Manaus,AM,Brasil;AM;Pessoa Jurídica
M ************************;Indústria de pesca;AMI00039711 ;Manaus,AM,Brasil;AM;Pessoa Jurídica
NACIONAL *************************************;Indústria de pesca;SCI00034257 ;Penha,SC,Brasil;SC;Pessoa Jurídica
NAJLA **********************************;Indústria de pesca;SCI00043518 ;Laguna,SC,Brasil;SC;Pessoa Jurídica
NATÁLIA *******************************;Indústria de pesca;SPI00034127 ;São Paulo,SP,Brasil;SP;Pessoa Jurídica
NATANEL ***************;Indústria de pesca;PAI00040666 ;Óbidos,PA,Brasil;PA;Pessoa Jurídica
NATUFISH *******************************************;Indústria de pesca;SPI00033715 ;Iguape,SP,Brasil;SP;Pessoa Jurídica
Natura ****************************;Indústria de pesca;PAI00016425 ;Bragança,PA,Brasil;PA;Pessoa Jurídica
NATURAL ******************************;Indústria de pesca;SPI00033475 ;Guarulhos,SP,Brasil;SP;Pessoa Jurídica
NAVEBRÁS *****************************************;Indústria de pesca;SCI00025480 ;Navegantes,SC,Brasil;SC;Pessoa Jurídica
Necton *************;Indústria de pesca;PBI00025768 ;Cabedelo,PB,Brasil;PB;Pessoa Jurídica
NEREU ****************;Indústria de pesca;BAI00027468 ;Ilhéus,BA,Brasil;BA;Pessoa Jurídica
NETUNO **************;Indústria de pesca;CEI00033839 ;Fortaleza,CE,Brasil;CE;Pessoa Jurídica
NETUNO **************;Indústria de pesca;CEI00033839 ;Fortaleza,CE,Brasil;CE;Pessoa Jurídica
NETUNO *****************;Indústria de pesca;BAI00003190 ;Paulo Afonso,BA,Brasil;BA;Pessoa Jurídica
NETUNO *****************;Indústria de pesca;BAI00003190 ;Paulo Afonso,BA,Brasil;BA;Pessoa Jurídica
NEW ******************************;Indústria de pesca;SPI00033241 ;São Paulo,SP,Brasil;SP;Pessoa Jurídica
NEW ******************************;Indústria de pesca;SPI00033237 ;Cotia,SP,Brasil;SP;Pessoa Jurídica
New ****************************************;Indústria de pesca;SPI00003508 ;Santos,SP,Brasil;SP;Pessoa Jurídica
NGB ***************;Indústria de pesca;AMI00036527 ;Manaus,AM,Brasil;AM;Pessoa Jurídica
NG ********************************************;Indústria de pesca;PAI00025786 ;Ananindeua,PA,Brasil;PA;Pessoa Jurídica
NIVALDO **************************;Indústria de pesca, Registro de aquicultor;ALI00037535,ALR11499680 ;Maceió,AL,Brasil;AL;Pessoa Jurídica
NOBRE ************************;Indústria de pesca;AMI00041448 ;Manaus,AM,Brasil;AM;Pessoa Jurídica
NORBERTO *********************************;Indústria de pesca;PRI00021386 ;Bocaiúva do Sul,PR,Brasil;PR;Pessoa Jurídica
NORDSEE ****************************************;Indústria de pesca;SPI00034757 ;São Paulo,SP,Brasil;SP;Pessoa Jurídica
NORDSEE ****************************************;Indústria de pesca;SPI00034761 ;Jandira,SP,Brasil;SP;Pessoa Jurídica
NORDSEE ****************************************;Indústria de pesca;SPI00044458 ;São Paulo,SP,Brasil;SP;Pessoa Jurídica
NORPEIXE *************************************;Indústria de pesca;RNI00003270 ;Natal,RN,Brasil;RN;Pessoa Jurídica
NORTEMAR **************************;Indústria de pesca, Proprietário de embarcação;PAI00009684 ;Belém,PA,Brasil;PA;Pessoa Jurídica
NORTEMARE ******************************;Indústria de pesca;CEI00031087 ;Camocim,CE,Brasil;CE;Pessoa Jurídica
NORTE *********;Indústria de pesca;RNI00041028 ;Natal,RN,Brasil;RN;Pessoa Jurídica
NOVA *********;Indústria de pesca;SCI00038715 ;Barra Velha,SC,Brasil;SC;Pessoa Jurídica
N.PEREIRA **************;Indústria de pesca;BAI00027814 ;Alcobaça,BA,Brasil;BA;Pessoa Jurídica
NUTRIMAIO *****************;Indústria de pesca;RSI00038031 ;Três de Maio,RS,Brasil;RS;Pessoa Jurídica
NUTRI *******************************************;Indústria de pesca;SCI00041088 ;Laguna,SC,Brasil;SC;Pessoa Jurídica
OCEANOS **********************************************;Indústria de pesca;SCI00020454 ;Itapema,SC,Brasil;SC;Pessoa Jurídica
OLIANI ***********************************;Indústria de pesca;SCI00038005 ;Balneário Camboriú,SC,Brasil;SC;Pessoa Jurídica
Opergel ***********************************************;Indústria de pesca;SCI00031725 ;Camboriú,SC,Brasil;SC;Pessoa Jurídica
Opergel ***********************************************;Indústria de pesca;SCI00031725 ;Camboriú,SC,Brasil;SC;Pessoa Jurídica
OPERGEL **************************************************;Indústria de pesca;SPI00033661 ;Louveira,SP,Brasil;SP;Pessoa Jurídica
ORIENTAL **********************************;Indústria de pesca, Proprietário de embarcação;PAI00017945 ;Belém,PA,Brasil;PA;Pessoa Jurídica
ORIENTAL **********************************;Indústria de pesca, Proprietário de embarcação;PAI00017945 ;Belém,PA,Brasil;PA;Pessoa Jurídica
Orion **********;Indústria de pesca;PAI00000146 ;Belém,PA,Brasil;PA;Pessoa Jurídica
ORTOLAN ***********************************;Indústria de pesca;SCI00035651 ;Içara,SC,Brasil;SC;Pessoa Jurídica
OUTLET ****************************;Indústria de pesca;SPI00042338 ;São Paulo,SP,Brasil;SP;Pessoa Jurídica
PALMA ***********************************************;Indústria de pesca;SCI00035521 ;Navegantes,SC,Brasil;SC;Pessoa Jurídica
PAMPACARNE *************************************;Indústria de pesca;SCI00041694 ;Navegantes,SC,Brasil;SC;Pessoa Jurídica
pantanalense *************;Indústria de pesca;MSI00042508 ;Terenos,MS,Brasil;MS;Pessoa Jurídica
PANULIRUS *******************************;Indústria de pesca;PEI00032481 ;Recife,PE,Brasil;PE;Pessoa Jurídica
PARÁ ******************************;Indústria de pesca;PAI00043488 ;Belém,PA,Brasil;PA;Pessoa Jurídica
PATRICIA *********************;Indústria de pesca;SPI00033147 ;São Paulo,SP,Brasil;SP;Pessoa Jurídica
Paturi ********************************;Indústria de pesca, Registro de aquicultor;PRI00042446,PRR11501230 ;Toledo,PR,Brasil;PR;Pessoa Jurídica
Paturi ********************************;Indústria de pesca, Registro de aquicultor;PRI00042446,PRR11501230 ;Toledo,PR,Brasil;PR;Pessoa Jurídica
Paturi ********************************;Indústria de pesca, Registro de aquicultor;PRI00042446,PRR11501230 ;Toledo,PR,Brasil;PR;Pessoa Jurídica
PAULISTA *********************************;Indústria de pesca;SPI00034105 ;São Bernardo do Campo,SP,Brasil;SP;Pessoa Jurídica
Paulo ******************;Indústria de pesca;RSI00000340 ;Rio Grande,RS,Brasil;RS;Pessoa Jurídica
PB *********************;Indústria de pesca;AMI00041774 ;Japurá,AM,Brasil;AM;Pessoa Jurídica
PEDRO **************************;Indústria de pesca;SCI00030039 ;Penha,SC,Brasil;SC;Pessoa Jurídica
PEIXARIA ********;Indústria de pesca;BAI00029288 ;Canavieiras,BA,Brasil;BA;Pessoa Jurídica
PEIXARIA **************;Indústria de pesca;SCI00043916 ;Porto Belo,SC,Brasil;SC;Pessoa Jurídica
PEIXARIA *********;Indústria de pesca;BAI00026836 ;Alcobaça,BA,Brasil;BA;Pessoa Jurídica
PEIXARIA *************;Indústria de pesca;BAI00028568 ;Porto Seguro,BA,Brasil;BA;Pessoa Jurídica
Peixaria *************;Indústria de pesca;BAI00024304 ;Alcobaça,BA,Brasil;BA;Pessoa Jurídica
PEIXARIA ********************;Indústria de pesca;MGI00025114 ;Uberlândia,MG,Brasil;MG;Pessoa Jurídica
PEIXE ************************************;Indústria de pesca;SPI00033227 ;Osasco,SP,Brasil;SP;Pessoa Jurídica
PEIXE ************************************;Indústria de pesca;SPI00033215 ;São Paulo,SP,Brasil;SP;Pessoa Jurídica
PEIXES ********************;Indústria de pesca;SPI00034417 ;São João da Boa Vista,SP,Brasil;SP;Pessoa Jurídica
PENHA **********************;Indústria de pesca;SCI00033277 ;Penha,SC,Brasil;SC;Pessoa Jurídica
PESCADÃO *************;Indústria de pesca;SCI00033367 ;Imaruí,SC,Brasil;SC;Pessoa Jurídica
PESCADÃO *************;Indústria de pesca;SCI00033367 ;Imaruí,SC,Brasil;SC;Pessoa Jurídica
Pescado *************;Indústria de pesca;MGI00042350 ;Ipiaçu,MG,Brasil;MG;Pessoa Jurídica
Pescados **********************************;Indústria de pesca;RSI00029028 ;Santo Ângelo,RS,Brasil;RS;Pessoa Jurídica
PESCADOS ***********;Indústria de pesca;SCI00027994 ;Laguna,SC,Brasil;SC;Pessoa Jurídica
PESCADOS *********************;Indústria de pesca;SCI00032659 ;Penha,SC,Brasil;SC;Pessoa Jurídica
PESCADOS *********************;Indústria de pesca;SCI00032659 ;Penha,SC,Brasil;SC;Pessoa Jurídica
PESCADOS ****************************************;Indústria de pesca;ESI00035669 ;Piúma,ES,Brasil;ES;Pessoa Jurídica
PESCADOS *******************;Indústria de pesca;SCI00041200 ;Barra Velha,SC,Brasil;SC;Pessoa Jurídica
PESCADOS *******************;Indústria de pesca;SCI00035927 ;Balneário Piçarras,SC,Brasil;SC;Pessoa Jurídica
PESCADOS *********;Indústria de pesca;RNI00038317 ;Natal,RN,Brasil;RN;Pessoa Jurídica
PESCADOS *************;Indústria de pesca;PBI00041540 ;Cabedelo,PB,Brasil;PB;Pessoa Jurídica
PESCADOS ****************************;Indústria de pesca;SCI00025164 ;Balneário Piçarras,SC,Brasil;SC;Pessoa Jurídica
PESCADOS ****************************;Indústria de pesca;SCI00025164 ;Balneário Piçarras,SC,Brasil;SC;Pessoa Jurídica
PESCADOS *************;Indústria de pesca;PRI00037301 ;Guaratuba,PR,Brasil;PR;Pessoa Jurídica
PESCADOS *****************;Indústria de pesca;SCI00034575 ;Laguna,SC,Brasil;SC;Pessoa Jurídica
PESCADOS *****************;Indústria de pesca;SCI00034575 ;Laguna,SC,Brasil;SC;Pessoa Jurídica
Pescados *****************;Indústria de pesca;PRI00021474 ;Toledo,PR,Brasil;PR;Pessoa Jurídica
PESCADOS **********;Indústria de pesca;SCI00032721 ;Laguna,SC,Brasil;SC;Pessoa Jurídica
PESCAF ***************************;Indústria de pesca;SCI00030717 ;Laguna,SC,Brasil;SC;Pessoa Jurídica
PESCAF ***************************;Indústria de pesca;SCI00030717 ;Laguna,SC,Brasil;SC;Pessoa Jurídica
PESCAL *************;Indústria de pesca;PRI00041354 ;Nova Prata do Iguaçu,PR,Brasil;PR;Pessoa Jurídica
Pescal *****;Indústria de pesca;RSI00000378 ;Rio Grande,RS,Brasil;RS;Pessoa Jurídica
Pescal *****;Indústria de pesca;RSI00000378 ;Rio Grande,RS,Brasil;RS;Pessoa Jurídica
PESCA *******************************;Indústria de pesca;SCI00039729 ;Laguna,SC,Brasil;SC;Pessoa Jurídica
PESCANORTE ****************;Indústria de pesca;PAI00035937 ;Santarém,PA,Brasil;PA;Pessoa Jurídica
PESCARIA ***************************************************************;Indústria de pesca;BAI00024064 ;Salvador,BA,Brasil;BA;Pessoa Jurídica
PESCARIA ***************************************************************;Indústria de pesca;BAI00024064 ;Salvador,BA,Brasil;BA;Pessoa Jurídica
PESCARIA ***************************************;Indústria de pesca;BAI00024170 ;Camaçari,BA,Brasil;BA;Pessoa Jurídica
PESCAROL *************************************;Indústria de pesca;SCI00042218 ;Penha,SC,Brasil;SC;Pessoa Jurídica
PESCAROL ******************************************;Indústria de pesca;SCI00031667 ;Penha,SC,Brasil;SC;Pessoa Jurídica
PESCATA **********************************;Indústria de pesca;SCI00030147 ;Florianópolis,SC,Brasil;SC;Pessoa Jurídica
PESCA ******************************;Indústria de pesca;SPI00034117 ;São Paulo,SP,Brasil;SP;Pessoa Jurídica
PESQUEIRA ********************************;Indústria de pesca;SCI00025106 ;Penha,SC,Brasil;SC;Pessoa Jurídica
PESQUEIRA ****************;Indústria de pesca;PBI00024960 ;João Pessoa,PB,Brasil;PB;Pessoa Jurídica
PESQUEIRA ***********;Indústria de pesca;CEI00032405 ;Acaraú,CE,Brasil;CE;Pessoa Jurídica
PESQUEIRA ***********;Indústria de pesca;CEI00032405 ;Acaraú,CE,Brasil;CE;Pessoa Jurídica
Pesqueira ************;Indústria de pesca, Arrendatário de embarcação, Proprietário de embarcação;PAI00000276 ;Belém,PA,Brasil;PA;Pessoa Jurídica
Pesqueira ************;Indústria de pesca, Arrendatário de embarcação, Proprietário de embarcação;PAI00000276 ;Camocim,CE,Brasil;PA;Pessoa Jurídica
Pesqueira ************;Indústria de pesca, Proprietário de embarcação;CEI00031077 ;Belém,PA,Brasil;CE;Pessoa Jurídica
Pesqueira *************;Indústria de pesca, Proprietário de embarcação;RNI00031701 ;Natal,RN,Brasil;RN;Pessoa Jurídica
Pesqueira *************;Indústria de pesca, Proprietário de embarcação;RNI00031701 ;Natal,RN,Brasil;RN;Pessoa Jurídica
PESQUEIRA **********************************************;Indústria de pesca;SCI00025268 ;Porto Belo,SC,Brasil;SC;Pessoa Jurídica
Petfar *********************************;Indústria de pesca;RSI00042548 ;Nova Bréscia,RS,Brasil;RS;Pessoa Jurídica
PETRO **********************************************;Indústria de pesca;AMI00040906 ;Tonantins,AM,Brasil;AM;Pessoa Jurídica
PHAROS ***************************;Indústria de pesca;SCI00033581 ;Navegantes,SC,Brasil;SC;Pessoa Jurídica
PHILIMAR **************************;Indústria de pesca;SCI00033997 ;Laguna,SC,Brasil;SC;Pessoa Jurídica
PHILIMAR **************************;Indústria de pesca;SCI00033997 ;Laguna,SC,Brasil;SC;Pessoa Jurídica
PIKITO *************;Indústria de pesca;SCI00044338 ;Penha,SC,Brasil;SC;Pessoa Jurídica
PINHEIRO ****************;Indústria de pesca;AMI00036565 ;Manaus,AM,Brasil;AM;Pessoa Jurídica
PINHEIRO ************;Indústria de pesca;AMI00039837 ;Manacapuru,AM,Brasil;AM;Pessoa Jurídica
Piscicultura ****************************************************;Indústria de pesca, Licença de aquicultor;CEI00037745,CEU00014317 ;Aquiraz,CE,Brasil;CE;Pessoa Jurídica
PISCICULTURA **********************************;Indústria de pesca;MGI00027986 ;Espera Feliz,MG,Brasil;MG;Pessoa Jurídica
PLANALTO ***************************;Indústria de pesca;SPI00033157 ;São Paulo,SP,Brasil;SP;Pessoa Jurídica
PLANALTO ***************************;Indústria de pesca;SPI00033161 ;São Paulo,SP,Brasil;SP;Pessoa Jurídica
PLANALTO ***************************;Indústria de pesca;SPI00033161 ;Carapicuíba,SP,Brasil;SP;Pessoa Jurídica
PLANALTO ***************************;Indústria de pesca;SPI00033157 ;Carapicuíba,SP,Brasil;SP;Pessoa Jurídica
PLECO ***********;Indústria de pesca;SCI00043308 ;Florianópolis,SC,Brasil;SC;Pessoa Jurídica
P. ************************************************;Indústria de pesca;API00036077 ;Oiapoque,AP,Brasil;AP;Pessoa Jurídica
PONTE ***********************************************;Indústria de pesca;SCI00034037 ;Itajaí,SC,Brasil;SC;Pessoa Jurídica
PONTE ***********************************************;Indústria de pesca;SCI00034037 ;Itajaí,SC,Brasil;SC;Pessoa Jurídica
PORTO ******************;Indústria de pesca;SCI00043610 ;Porto Belo,SC,Brasil;SC;Pessoa Jurídica
PORTO ****************************************************************************;Indústria de pesca;PAI00043634 ;Belém,PA,Brasil;PA;Pessoa Jurídica
Porto ****************;Indústria de pesca;RJI00034667 ;Rio de Janeiro,RJ,Brasil;RJ;Pessoa Jurídica
Porto ****************;Indústria de pesca;RJI00034655 ;Rio de Janeiro,RJ,Brasil;RJ;Pessoa Jurídica
Porto ****************;Indústria de pesca;RJI00034655 ;Rio de Janeiro,RJ,Brasil;RJ;Pessoa Jurídica
POSEIDON **************************************;Indústria de pesca;SCI00003208 ;Penha,SC,Brasil;SC;Pessoa Jurídica
POSEIDON **************************************;Indústria de pesca;SCI00003208 ;Penha,SC,Brasil;SC;Pessoa Jurídica
PRAWN *************************;Indústria de pesca;BAI00032191 ;Canavieiras,BA,Brasil;BA;Pessoa Jurídica
PRBM *************************************;Indústria de pesca;PAI00043370 ;Belém,PA,Brasil;PA;Pessoa Jurídica
PREMIER **************;Indústria de pesca;SPI00032905 ;São Paulo,SP,Brasil;SP;Pessoa Jurídica
PREMIER **************;Indústria de pesca;SPI00032905 ;São Paulo,SP,Brasil;SP;Pessoa Jurídica
PREMIER **************************************************;Indústria de pesca;SCI00033647 ;Itajaí,SC,Brasil;SC;Pessoa Jurídica
Prestige *************;Indústria de pesca;AMI00043756 ;Manaus,AM,Brasil;AM;Pessoa Jurídica
PRIME ************;Indústria de pesca;PEI00035465 ;Icapuí,CE,Brasil;PE;Pessoa Jurídica
PRIME ************;Indústria de pesca;CEI00035227 ;Alcobaça,BA,Brasil;CE;Pessoa Jurídica
PRIME ************;Indústria de pesca;PAI00042510 ;Icapuí,CE,Brasil;PA;Pessoa Jurídica
PRIME ************;Indústria de pesca;CEI00035227 ;Alcobaça,BA,Brasil;CE;Pessoa Jurídica
PRIME ************;Indústria de pesca;BAI00041910 ;Bragança,PA,Brasil;BA;Pessoa Jurídica
PRIME ************;Indústria de pesca, Registro de aquicultor;BAI00043894,BAR11564020 ;Recife,PE,Brasil;BA;Pessoa Jurídica
PRIME ************;Indústria de pesca;BAI00026660 ;Canavieiras,BA,Brasil;BA;Pessoa Jurídica
PRINCOMAR **********************;Indústria de pesca;PAI00018347 ;São João de Pirabas,PA,Brasil;PA;Pessoa Jurídica
PRODUMAR *************************************;Indústria de pesca, Arrendatário de embarcação, Proprietário de embarcação;RNI00003218 ;Natal,RN,Brasil;RN;Pessoa Jurídica
P ***********************************************************;Indústria de pesca;PAI00032115 ;Belém,PA,Brasil;PA;Pessoa Jurídica
P *******************;Indústria de pesca;CEI00034627 ;Cascavel,CE,Brasil;CE;Pessoa Jurídica
Qualimar *************************************;Indústria de pesca, Proprietário de embarcação;PEI00033759 ;Jaboatão dos Guararapes,PE,Brasil;PE;Pessoa Jurídica
RAD ************************************;Indústria de pesca;SPI00042866 ;São Paulo,SP,Brasil;SP;Pessoa Jurídica
R ************;Indústria de pesca;ESI00043358 ;Piúma,ES,Brasil;ES;Pessoa Jurídica
RAINHA ***************************;Indústria de pesca;AMI00040876 ;Manaus,AM,Brasil;AM;Pessoa Jurídica
RANAC *********************;Indústria de pesca;SCI00031015 ;Antônio Carlos,SC,Brasil;SC;Pessoa Jurídica
RANAC *******************;Indústria de pesca;SCI00043820 ;Antônio Carlos,SC,Brasil;SC;Pessoa Jurídica
RANAVILLE *********************;Indústria de pesca;SPI00029896 ;São Roque,SP,Brasil;SP;Pessoa Jurídica
RANCHO **********************;Indústria de pesca;MTI00044494 ;Cuiabá,MT,Brasil;MT;Pessoa Jurídica
RARO ***************************;Indústria de pesca;MGI00036107 ;Contagem,MG,Brasil;MG;Pessoa Jurídica
RB *************************;Indústria de pesca;RNI00032641 ;Natal,RN,Brasil;RN;Pessoa Jurídica
RBJ ************************;Indústria de pesca;PAI00032771 ;Belém,PA,Brasil;PA;Pessoa Jurídica
R ***************************;Indústria de pesca;BAI00030299 ;Caravelas,BA,Brasil;BA;Pessoa Jurídica
REFRIO ********************;Indústria de pesca;SPI00034421 ;Itapecerica da Serra,SP,Brasil;SP;Pessoa Jurídica
REGINA ************************;Indústria de pesca;CEI00036817 ;Fortaleza,CE,Brasil;CE;Pessoa Jurídica
Reiter ***************************;Indústria de pesca;RSI00035307 ;Nova Santa Rita,RS,Brasil;RS;Pessoa Jurídica
RENER ****************;Indústria de pesca;SPI00044470 ;Nova Aliança,SP,Brasil;SP;Pessoa Jurídica
REOFISH *****************************;Indústria de pesca;PRI00039859 ;Ponta Grossa,PR,Brasil;PR;Pessoa Jurídica
REPAR *************************************************;Indústria de pesca;PAI00042430 ;Belém,PA,Brasil;PA;Pessoa Jurídica
RESTAURANTE *****************;Indústria de pesca;SCI00035567 ;Florianópolis,SC,Brasil;SC;Pessoa Jurídica
RICARDO ******************************;Indústria de pesca;BAI00030067 ;Nova Viçosa,BA,Brasil;BA;Pessoa Jurídica
RICARDO ******************************;Indústria de pesca;BAI00030067 ;Nova Viçosa,BA,Brasil;BA;Pessoa Jurídica
RICARDO ******************************;Indústria de pesca;BAI00030067 ;Nova Viçosa,BA,Brasil;BA;Pessoa Jurídica
Ricardo *****************;Indústria de pesca;RSI00016099 ;Rio Grande,RS,Brasil;RS;Pessoa Jurídica
RIO ********************;Indústria de pesca;MGI00028280 ;Viçosa,MG,Brasil;MG;Pessoa Jurídica
RIO ********************;Indústria de pesca;RRI00042816 ;Boa Vista,RR,Brasil;RR;Pessoa Jurídica
Rio **************************************;Indústria de pesca;RSI00018799 ;Rio Grande,RS,Brasil;RS;Pessoa Jurídica
Rio ****************************;Indústria de pesca;RSI00018227 ;Rio Grande,RS,Brasil;RS;Pessoa Jurídica
Rio **********************;Indústria de pesca;RJI00037927 ;Rio de Janeiro,RJ,Brasil;RJ;Pessoa Jurídica
RIO **************************;Indústria de pesca;ROI00040058 ;Porto Velho,RO,Brasil;RO;Pessoa Jurídica
RIVIERA *******************************************;Indústria de pesca;MGI00034297 ;Perdizes,MG,Brasil;MG;Pessoa Jurídica
RJB *************************;Indústria de pesca;SCI00035267 ;Balneário Piçarras,SC,Brasil;SC;Pessoa Jurídica
RKS **************************************;Indústria de pesca;SCI00044154 ;Penha,SC,Brasil;SC;Pessoa Jurídica
R *************************;Indústria de pesca;SCI00034707 ;Laguna,SC,Brasil;SC;Pessoa Jurídica
R *************************;Indústria de pesca;SCI00034707 ;Laguna,SC,Brasil;SC;Pessoa Jurídica
ROBERTO *************************;Indústria de pesca;SPI00043030 ;Bom Jesus dos Perdões,SP,Brasil;SP;Pessoa Jurídica
ROBERTO ******************;Indústria de pesca;PRI00038389 ;Pinhais,PR,Brasil;PR;Pessoa Jurídica
ROGERIO **********************;Indústria de pesca;SPI00035249 ;Dracena,SP,Brasil;SP;Pessoa Jurídica
ROTA *********************;Indústria de pesca;SCI00033607 ;Navegantes,SC,Brasil;SC;Pessoa Jurídica
ROTA *********************;Indústria de pesca;SCI00033607 ;Navegantes,SC,Brasil;SC;Pessoa Jurídica
RPD ***********;Indústria de pesca;MGI00022668 ;Itabira,MG,Brasil;MG;Pessoa Jurídica
RPM *************************************;Indústria de pesca;PAI00043424 ;Belém,PA,Brasil;PA;Pessoa Jurídica
R&R ***************************************;Indústria de pesca;SPI00041896 ;São Paulo,SP,Brasil;SP;Pessoa Jurídica
R ************;Indústria de pesca;AMI00043658 ;Manaus,AM,Brasil;AM;Pessoa Jurídica
SALINAS ***********************;Indústria de pesca;RNI00003220 ;Areia Branca,RN,Brasil;RN;Pessoa Jurídica
SAMARIA ******************************;Indústria de pesca;RNI00036145 ;Pendências,RN,Brasil;RN;Pessoa Jurídica
SANES *************************;Indústria de pesca;RJI00034587 ;Queimados,RJ,Brasil;RJ;Pessoa Jurídica
SANTIAGO ************************;Indústria de pesca;BAI00030205 ;Porto Seguro,BA,Brasil;BA;Pessoa Jurídica
SAO *********************************************;Indústria de pesca, Registro de aquicultor;SPI00044050,SPR10313590 ;Santo André,SP,Brasil;SP;Pessoa Jurídica
SÃO ******************************;Indústria de pesca;SCI00038791 ;Criciúma,SC,Brasil;SC;Pessoa Jurídica
SAUDE ************************************;Indústria de pesca;DFI00043648 ;Brasília,DF,Brasil;DF;Pessoa Jurídica
SCP **************************************************;Indústria de pesca;PAI00030507 ;Belém,PA,Brasil;PA;Pessoa Jurídica
SC *************;Indústria de pesca;SCI00038821 ;Penha,SC,Brasil;SC;Pessoa Jurídica
SeaHub ****************;Indústria de pesca, Registro de aquicultor;SCI00038451,SCR11562060 ;Florianópolis,SC,Brasil;SC;Pessoa Jurídica
SEBASTIÃO **************************;Indústria de pesca;AMI00039377 ;Fonte Boa,AM,Brasil;AM;Pessoa Jurídica
Sebastiao ************************;Indústria de pesca;PAI00027708 ;Bragança,PA,Brasil;PA;Pessoa Jurídica
SEIKOMAR ******************************************************;Indústria de pesca;SCI00032029 ;Navegantes,SC,Brasil;SC;Pessoa Jurídica
SENDAS *****************;Indústria de pesca;SPI00033657 ;São Paulo,SP,Brasil;SP;Pessoa Jurídica
Senha ********************;Indústria de pesca;RSI00043096 ;Capela de Santana,RS,Brasil;RS;Pessoa Jurídica
SERGIO *********************;Indústria de pesca;PRI00037127 ;Guaratuba,PR,Brasil;PR;Pessoa Jurídica
SIBELA *************************************;Indústria de pesca;SCI00041846 ;Imaruí,SC,Brasil;SC;Pessoa Jurídica
SIGEL ***********************************************;Indústria de pesca;PAI00001376 ;Belém,PA,Brasil;PA;Pessoa Jurídica
SIM ****************;Indústria de pesca;GOI00044066 ;Goiânia,GO,Brasil;GO;Pessoa Jurídica
Simone ************;Indústria de pesca;RSI00033345 ;Rio Grande,RS,Brasil;RS;Pessoa Jurídica
SINARA ********************;Indústria de pesca;SCI00041564 ;Imaruí,SC,Brasil;SC;Pessoa Jurídica
S. ****************;Indústria de pesca;MSI00043078 ;Coxim,MS,Brasil;MS;Pessoa Jurídica
SL *******************************************;Indústria de pesca;CEI00033077 ;Fortaleza,CE,Brasil;CE;Pessoa Jurídica
SL *******************************************;Indústria de pesca;CEI00033077 ;Fortaleza,CE,Brasil;CE;Pessoa Jurídica
S.M. ******************;Indústria de pesca;RSI00036297 ;Rio Grande,RS,Brasil;RS;Pessoa Jurídica
SMG ***************;Indústria de pesca;SCI00027130 ;Navegantes,SC,Brasil;SC;Pessoa Jurídica
SMG ***************;Indústria de pesca;SCI00027130 ;Navegantes,SC,Brasil;SC;Pessoa Jurídica
SÓ *****************************************;Indústria de pesca;SPI00034097 ;Cerquilho,SP,Brasil;SP;Pessoa Jurídica
SORAIA *********************************;Indústria de pesca;SPI00034155 ;São Paulo,SP,Brasil;SP;Pessoa Jurídica
SOUSA *************************************;Indústria de pesca;PAI00043448 ;Vigia,PA,Brasil;PA;Pessoa Jurídica
SPEERS *********************************************************;Indústria de pesca;SPI00044408 ;São Paulo,SP,Brasil;SP;Pessoa Jurídica
STUDIOWATER ***********************************;Indústria de pesca;RSI00038787 ;Porto Alegre,RS,Brasil;RS;Pessoa Jurídica
SUDAMBEEF *************************************************;Indústria de pesca;SPI00034735 ;Barueri,SP,Brasil;SP;Pessoa Jurídica
SUL *****************;Indústria de pesca;SCI00030927 ;Barra Velha,SC,Brasil;SC;Pessoa Jurídica
SUL **********************************;Indústria de pesca;SCI00038161 ;Laguna,SC,Brasil;SC;Pessoa Jurídica
SULPEX *************;Indústria de pesca;SCI00042628 ;Penha,SC,Brasil;SC;Pessoa Jurídica
SUNAMITA *****************;Indústria de pesca;SPI00042736 ;São Paulo,SP,Brasil;SP;Pessoa Jurídica
Super *********;Indústria de pesca;RSI00001348 ;Rio Grande,RS,Brasil;RS;Pessoa Jurídica
SUPREME *********************************************;Indústria de pesca;SPI00034181 ;Santa Clara d`Oeste,SP,Brasil;SP;Pessoa Jurídica
TABATINGA ********************************;Indústria de pesca;AMI00043684 ;Manaus,AM,Brasil;AM;Pessoa Jurídica
TECO *************************;Indústria de pesca;SCI00043528 ;Imbituba,SC,Brasil;SC;Pessoa Jurídica
THIAGO *********************************;Indústria de pesca;MSI00044444 ;Miranda,MS,Brasil;MS;Pessoa Jurídica
THIAGO ***************;Indústria de pesca;SCI00034315 ;Itajaí,SC,Brasil;SC;Pessoa Jurídica
TILABRAS ****************;Indústria de pesca, Licença de aquicultor;SPI00040638,SPU11479327 ;Buritama,SP,Brasil;SP;Pessoa Jurídica
TILÁPIA *********************************************;Indústria de pesca;PRI00034359 ;Toledo,PR,Brasil;PR;Pessoa Jurídica
TIM *********************************;Indústria de pesca;PAI00043240 ;Belém,PA,Brasil;PA;Pessoa Jurídica
TITANIC ***************************;Indústria de pesca;SPI00034051 ;São Paulo,SP,Brasil;SP;Pessoa Jurídica
Torquato *******************;Indústria de pesca, Proprietário de embarcação;RSI00016527 ;Rio Grande,RS,Brasil;RS;Pessoa Jurídica
TRIDA *************;Indústria de pesca;SCI00035687 ;Navegantes,SC,Brasil;SC;Pessoa Jurídica
TRINTA ********************************;Indústria de pesca;SCI00035647 ;Florianópolis,SC,Brasil;SC;Pessoa Jurídica
TROPICAL *******************************************************;Indústria de pesca;RSI00038857 ;Porto Alegre,RS,Brasil;RS;Pessoa Jurídica
TROPICAL **************;Indústria de pesca;PAI00043126 ;Santarém,PA,Brasil;PA;Pessoa Jurídica
TROPICAL **************;Indústria de pesca;PAI00043126 ;Santarém,PA,Brasil;PA;Pessoa Jurídica
TROVÃO *************************;Indústria de pesca;SPI00033531 ;São Paulo,SP,Brasil;SP;Pessoa Jurídica
Trutas *****************************;Indústria de pesca, Registro de aquicultor;MGI00025316,MGR11555550 ;Delfim Moreira,MG,Brasil;MG;Pessoa Jurídica
Trutas *****************************;Indústria de pesca, Registro de aquicultor;MGI00025316,MGR11555550 ;Delfim Moreira,MG,Brasil;MG;Pessoa Jurídica
TUMAR ****************************;Indústria de pesca;SPI00040754 ;São Paulo,SP,Brasil;SP;Pessoa Jurídica
UNIFISH **************************************;Indústria de pesca;SCI00043530 ;Imaruí,SC,Brasil;SC;Pessoa Jurídica
UNIPESCA **************************************;Indústria de pesca;ALI00036059 ;Piaçabuçu,AL,Brasil;AL;Pessoa Jurídica
VALDIMIR ************************;Indústria de pesca;BAI00039921 ;Salvador,BA,Brasil;BA;Pessoa Jurídica
Valença ************************;Indústria de pesca, Registro de aquicultor;BAI00042664,BAR00015124 ;Valença,BA,Brasil;BA;Pessoa Jurídica
VALLE *************************;Indústria de pesca;SCI00032035 ;Ilhota,SC,Brasil;SC;Pessoa Jurídica
VALMIR ****************;Indústria de pesca;AMI00039667 ;Parintins,AM,Brasil;AM;Pessoa Jurídica
VALMOR **********************;Indústria de pesca;AMI00036171 ;Maués,AM,Brasil;AM;Pessoa Jurídica
VALQUIRIA *********************;Indústria de pesca;BAI00025720 ;Alcobaça,BA,Brasil;BA;Pessoa Jurídica
VALQUIRIA *********************;Indústria de pesca;BAI00025720 ;Alcobaça,BA,Brasil;BA;Pessoa Jurídica
VANDETE *******************;Indústria de pesca;AMI00040940 ;Jutaí,AM,Brasil;AM;Pessoa Jurídica
Vapza *************;Indústria de pesca;PRI00023650 ;Castro,PR,Brasil;PR;Pessoa Jurídica
VICTOR *********************;Indústria de pesca;DFI00043580 ;Brasília,DF,Brasil;DF;Pessoa Jurídica
VIGIA ***************************************************************;Indústria de pesca, Proprietário de embarcação;PAI00002158 ;Vigia,PA,Brasil;PA;Pessoa Jurídica
VITALMAR *************************************;Indústria de pesca;SCI00030965 ;Itajaí,SC,Brasil;SC;Pessoa Jurídica
VITALMAR *************************************;Indústria de pesca;SCI00030965 ;Itajaí,SC,Brasil;SC;Pessoa Jurídica
VITOR *************;Indústria de pesca;AMI00039827 ;Manacapuru,AM,Brasil;AM;Pessoa Jurídica
VITÓRIA *************************;Indústria de pesca;PAI00043394 ;Belém,PA,Brasil;PA;Pessoa Jurídica
VIVACES *****************************************************************************;Indústria de pesca;AMI00044388 ;Manaus,AM,Brasil;AM;Pessoa Jurídica
VIVIANE ************************;Indústria de pesca;BAI00028278 ;Porto Seguro,BA,Brasil;BA;Pessoa Jurídica
VÓ *******************************************;Indústria de pesca;SCI00032677 ;Penha,SC,Brasil;SC;Pessoa Jurídica
WALMART ***********;Indústria de pesca;SPI00034047 ;Itapecerica da Serra,SP,Brasil;SP;Pessoa Jurídica
WAXTRADE ************************;Indústria de pesca;CEI00003236 ;Icapuí,CE,Brasil;CE;Pessoa Jurídica
W. **************;Indústria de pesca;AMI00039681 ;Jutaí,AM,Brasil;AM;Pessoa Jurídica
W **********;Indústria de pesca;PAI00043836 ;Santarém,PA,Brasil;PA;Pessoa Jurídica
WILLIAM **********;Indústria de pesca, Registro de aquicultor;SPI00044364,SPR11477740 ;São Carlos,SP,Brasil;SP;Pessoa Jurídica
WORLD ******************************;Indústria de pesca, Proprietário de embarcação;RSI00003350 ;Rio Grande,RS,Brasil;RS;Pessoa Jurídica
XLT *************;Indústria de pesca;PRI00042348 ;Guaratuba,PR,Brasil;PR;Pessoa Jurídica
YESHUA *****************************;Indústria de pesca;SPI00034207 ;São Paulo,SP,Brasil;SP;Pessoa Jurídica
YUKIKO *********;Indústria de pesca;SCI00040036 ;Porto Belo,SC,Brasil;SC;Pessoa Jurídica
ZALTANA ****************************************;Indústria de pesca;ROI00035991 ;Ariquemes,RO,Brasil;RO;Pessoa Jurídica
ZALTANA ****************************************;Indústria de pesca;ROI00035991 ;Ariquemes,RO,Brasil;RO;Pessoa Jurídica
ZIPPILIMA *************************************;Indústria de pesca;ESI00039261 ;Piúma,ES,Brasil;ES;Pessoa Jurídica
Z *******************************;Indústria de pesca;PAI00037949 ;Vigia,PA,Brasil;PA;Pessoa Jurídica
ZZZ ***********;Indústria de pesca;SPI00044260 ;São Paulo,SP,Brasil;SP;Pessoa Jurídica
ZZZ ***********;Indústria de pesca;SPI00044260 ;São Paulo,SP,Brasil;SP;Pessoa Jurídica
